Age,Attrition,BusinessTravel,Department,DistanceFromHome,Education,EducationField,EnvironmentSatisfaction,Gender,JobInvolvement,JobLevel,JobRole,JobSatisfaction,MaritalStatus,MonthlyIncome,NumCompaniesWorked,OverTime,PercentSalaryHike,PerformanceRating,RelationshipSatisfaction,StockOptionLevel,TotalWorkingYears,TrainingTimesLastYear,WorkLifeBalance,YearsAtCompany,YearsInCurrentRole,YearsSinceLastPromotion,YearsWithCurrManager,CompanyExperienceRatio,PromotionFrequency,IncomePerYearExperience,SatisfactionScore,RoleTenureRatio
41,Yes,Travel_Rarely,Sales,1,2,Life Sciences,2,Female,3,2,Sales Executive,4,Single,5993,8,Yes,11,3,1,0,8,0,1,6,4,0,5,0.75,0.0,749.125,2.0,0.6666666666666666
49,No,Travel_Frequently,Research & Development,8,1,Life Sciences,3,Male,2,2,Research Scientist,2,Married,5130,1,No,23,4,4,1,10,3,3,10,7,1,7,1.0,0.1,513.0,3.0,0.7
37,Yes,Travel_Rarely,Research & Development,2,2,Other,4,Male,2,1,Laboratory Technician,3,Single,2090,6,Yes,15,3,2,0,7,3,3,0,0,0,0,0.0,0.0,298.57142857142856,3.0,0.0
33,No,Travel_Frequently,Research & Development,3,4,Life Sciences,4,Female,3,1,Research Scientist,3,Married,2909,1,Yes,11,3,3,0,8,3,3,8,7,3,0,1.0,0.375,363.625,3.25,0.875
27,No,Travel_Rarely,Research & Development,2,1,Medical,1,Male,3,1,Laboratory Technician,2,Married,3468,9,No,12,3,4,1,6,3,3,2,2,2,2,0.3333333333333333,1.0,578.0,2.5,1.0
32,No,Travel_Frequently,Research & Development,2,2,Life Sciences,4,Male,3,1,Laboratory Technician,4,Single,3068,0,No,13,3,3,0,8,2,2,7,7,3,6,0.875,0.42857142857142855,383.5,3.25,1.0
59,No,Travel_Rarely,Research & Development,3,3,Medical,3,Female,4,1,Laboratory Technician,1,Married,2670,4,Yes,20,4,1,3,12,3,2,1,0,0,0,0.08333333333333333,0.0,222.5,1.75,0.0
30,No,Travel_Rarely,Research & Development,24,1,Life Sciences,4,Male,3,1,Laboratory Technician,3,Divorced,2693,1,No,22,4,2,1,1,2,3,1,0,0,0,1.0,0.0,2693.0,3.0,0.0
38,No,Travel_Frequently,Research & Development,23,3,Life Sciences,4,Male,2,3,Manufacturing Director,3,Single,9526,0,No,21,4,2,0,10,2,3,9,7,1,8,0.9,0.1111111111111111,952.6,3.0,0.7777777777777778
36,No,Travel_Rarely,Research & Development,27,3,Medical,3,Male,3,2,Healthcare Representative,3,Married,5237,6,No,13,3,2,2,17,3,2,7,7,7,7,0.4117647058823529,1.0,308.05882352941177,2.5,1.0
35,No,Travel_Rarely,Research & Development,16,3,Medical,1,Male,4,1,Laboratory Technician,2,Married,2426,0,No,13,3,3,1,6,5,3,5,4,0,3,0.8333333333333334,0.0,404.3333333333333,2.25,0.8
29,No,Travel_Rarely,Research & Development,15,2,Life Sciences,4,Female,2,2,Laboratory Technician,3,Single,4193,0,Yes,12,3,4,0,10,3,3,9,5,0,8,0.9,0.0,419.3,3.5,0.5555555555555556
31,No,Travel_Rarely,Research & Development,26,1,Life Sciences,1,Male,3,1,Research Scientist,3,Divorced,2911,1,No,17,3,4,1,5,1,2,5,2,4,3,1.0,0.8,582.2,2.5,0.4
34,No,Travel_Rarely,Research & Development,19,2,Medical,2,Male,3,1,Laboratory Technician,4,Divorced,2661,0,No,11,3,3,1,3,2,3,2,2,1,2,0.6666666666666666,0.5,887.0,3.0,1.0
28,Yes,Travel_Rarely,Research & Development,24,3,Life Sciences,3,Male,2,1,Laboratory Technician,3,Single,2028,5,Yes,14,3,2,0,6,4,3,4,2,0,3,0.6666666666666666,0.0,338.0,2.75,0.5
29,No,Travel_Rarely,Research & Development,21,4,Life Sciences,2,Female,4,3,Manufacturing Director,1,Divorced,9980,1,No,11,3,3,1,10,1,3,10,9,8,8,1.0,0.8,998.0,2.25,0.9
32,No,Travel_Rarely,Research & Development,5,2,Life Sciences,1,Male,4,1,Research Scientist,2,Divorced,3298,0,Yes,12,3,4,2,7,5,2,6,2,0,5,0.8571428571428571,0.0,471.14285714285717,2.25,0.3333333333333333
22,No,Non-Travel,Research & Development,16,2,Medical,4,Male,4,1,Laboratory Technician,4,Divorced,2935,1,Yes,13,3,2,2,1,2,2,1,0,0,0,1.0,0.0,2935.0,3.0,0.0
53,No,Travel_Rarely,Sales,2,4,Life Sciences,1,Female,2,4,Manager,4,Married,15427,2,No,16,3,3,0,31,3,3,25,8,3,7,0.8064516129032258,0.12,497.64516129032256,2.75,0.32
38,No,Travel_Rarely,Research & Development,2,3,Life Sciences,4,Male,3,1,Research Scientist,4,Single,3944,5,Yes,11,3,3,0,6,3,3,3,2,1,2,0.5,0.3333333333333333,657.3333333333334,3.5,0.6666666666666666
24,No,Non-Travel,Research & Development,11,2,Other,1,Female,4,2,Manufacturing Director,3,Divorced,4011,0,No,18,3,4,1,5,5,2,4,2,1,3,0.8,0.25,802.2,2.5,0.5
36,Yes,Travel_Rarely,Sales,9,4,Life Sciences,3,Male,2,1,Sales Representative,1,Single,3407,7,No,23,4,2,0,10,4,3,5,3,0,3,0.5,0.0,340.7,2.25,0.6
34,No,Travel_Rarely,Research & Development,7,4,Life Sciences,1,Female,3,3,Research Director,2,Single,11994,0,No,11,3,3,0,13,4,3,12,6,2,11,0.9230769230769231,0.16666666666666666,922.6153846153846,2.25,0.5
21,No,Travel_Rarely,Research & Development,15,2,Life Sciences,3,Male,3,1,Research Scientist,4,Single,1232,1,No,14,3,4,0,0,6,3,0,0,0,0,0.0,0.0,1232.0,3.5,0.0
34,Yes,Travel_Rarely,Research & Development,6,1,Medical,2,Male,3,1,Research Scientist,1,Single,2960,2,No,11,3,3,0,8,2,3,4,2,1,3,0.5,0.25,370.0,2.25,0.5
53,No,Travel_Rarely,Research & Development,5,3,Other,3,Female,3,5,Manager,3,Divorced,19094,4,No,11,3,4,1,26,3,2,14,13,4,8,0.5384615384615384,0.2857142857142857,734.3846153846154,3.0,0.9285714285714286
32,Yes,Travel_Frequently,Research & Development,16,1,Life Sciences,2,Female,1,1,Research Scientist,1,Single,3919,1,Yes,22,4,2,0,10,5,3,10,2,6,7,1.0,0.6,391.9,2.0,0.2
42,No,Travel_Rarely,Sales,8,4,Marketing,3,Male,3,2,Sales Executive,2,Married,6825,0,No,11,3,4,1,10,2,3,9,7,4,2,0.9,0.4444444444444444,682.5,3.0,0.7777777777777778
44,No,Travel_Rarely,Research & Development,7,4,Medical,1,Female,2,3,Healthcare Representative,4,Married,10248,3,No,14,3,4,1,24,4,3,22,6,5,17,0.9166666666666666,0.22727272727272727,427.0,3.0,0.2727272727272727
46,No,Travel_Rarely,Sales,2,4,Marketing,2,Female,3,5,Manager,1,Single,18947,3,No,12,3,4,0,22,2,2,2,2,2,1,0.09090909090909091,1.0,861.2272727272727,2.25,1.0
33,No,Travel_Rarely,Research & Development,2,3,Medical,3,Male,3,1,Laboratory Technician,4,Single,2496,4,No,11,3,4,0,7,3,3,1,1,0,0,0.14285714285714285,0.0,356.57142857142856,3.5,1.0
44,No,Travel_Rarely,Research & Development,10,4,Other,4,Male,3,2,Healthcare Representative,4,Married,6465,2,Yes,13,3,4,0,9,5,4,4,2,1,3,0.4444444444444444,0.25,718.3333333333334,4.0,0.5
30,No,Travel_Rarely,Research & Development,9,2,Medical,4,Male,2,1,Laboratory Technician,3,Single,2206,1,No,13,3,1,0,10,5,3,10,0,1,8,1.0,0.1,220.6,2.75,0.0
39,Yes,Travel_Rarely,Sales,5,3,Technical Degree,4,Male,3,2,Sales Representative,4,Married,2086,3,No,14,3,3,1,19,6,4,1,0,0,0,0.05263157894736842,0.0,109.78947368421052,3.75,0.0
24,Yes,Travel_Rarely,Research & Development,1,3,Medical,2,Male,3,1,Research Scientist,4,Married,2293,2,Yes,16,3,1,1,6,2,2,2,0,2,0,0.3333333333333333,1.0,382.1666666666667,2.25,0.0
43,No,Travel_Rarely,Research & Development,2,2,Medical,4,Female,4,1,Research Scientist,3,Divorced,2645,1,No,12,3,4,2,6,3,2,5,3,1,4,0.8333333333333334,0.2,440.8333333333333,3.25,0.6
50,Yes,Travel_Rarely,Sales,3,2,Marketing,1,Male,2,1,Sales Representative,3,Married,2683,1,Yes,14,3,3,0,3,2,3,3,2,0,2,1.0,0.0,894.3333333333334,2.5,0.6666666666666666
35,No,Travel_Rarely,Sales,2,3,Marketing,4,Female,3,1,Sales Representative,4,Married,2014,1,No,13,3,1,0,2,3,3,2,2,2,2,1.0,1.0,1007.0,3.0,1.0
36,No,Travel_Rarely,Research & Development,5,4,Life Sciences,2,Female,2,1,Research Scientist,1,Married,3419,9,Yes,14,3,4,1,6,3,4,1,1,0,0,0.16666666666666666,0.0,569.8333333333334,2.75,1.0
33,No,Travel_Frequently,Sales,1,3,Life Sciences,3,Female,4,2,Sales Executive,1,Married,5376,2,No,19,3,1,2,10,3,3,5,3,1,3,0.5,0.2,537.6,2.0,0.6
35,No,Travel_Rarely,Research & Development,4,2,Other,3,Male,3,1,Laboratory Technician,4,Divorced,1951,1,No,12,3,3,1,1,3,3,1,0,0,0,1.0,0.0,1951.0,3.25,0.0
27,No,Travel_Rarely,Research & Development,2,4,Life Sciences,4,Female,3,1,Laboratory Technician,1,Divorced,2341,1,No,13,3,4,1,1,6,3,1,0,0,0,1.0,0.0,2341.0,3.0,0.0
26,Yes,Travel_Rarely,Research & Development,25,3,Life Sciences,1,Male,1,1,Laboratory Technician,3,Single,2293,1,No,12,3,3,0,1,2,2,1,0,0,1,1.0,0.0,2293.0,2.25,0.0
27,No,Travel_Frequently,Sales,8,3,Life Sciences,4,Male,3,3,Sales Executive,3,Single,8726,1,No,15,3,4,0,9,0,3,9,8,1,7,1.0,0.1111111111111111,969.5555555555555,3.5,0.8888888888888888
30,No,Travel_Frequently,Research & Development,1,2,Medical,3,Female,3,2,Laboratory Technician,4,Single,4011,1,No,23,4,4,0,12,2,3,12,8,3,7,1.0,0.25,334.25,3.5,0.6666666666666666
41,Yes,Travel_Rarely,Research & Development,12,3,Technical Degree,2,Female,3,5,Research Director,3,Married,19545,1,No,12,3,4,0,23,0,3,22,15,15,8,0.9565217391304348,0.6818181818181818,849.7826086956521,3.0,0.6818181818181818
34,No,Non-Travel,Sales,23,4,Marketing,2,Male,3,2,Sales Executive,3,Single,4568,0,No,20,4,3,0,10,2,3,9,5,8,7,0.9,0.8888888888888888,456.8,2.75,0.5555555555555556
37,No,Travel_Rarely,Research & Development,19,2,Life Sciences,2,Male,3,1,Research Scientist,2,Married,3022,4,No,21,4,1,0,8,1,3,1,0,0,0,0.125,0.0,377.75,2.0,0.0
46,No,Travel_Frequently,Sales,5,4,Marketing,1,Male,3,2,Sales Executive,4,Single,5772,4,Yes,21,4,3,0,14,4,3,9,6,0,8,0.6428571428571429,0.0,412.2857142857143,2.75,0.6666666666666666
35,No,Travel_Rarely,Research & Development,8,1,Life Sciences,4,Male,4,1,Laboratory Technician,4,Married,2269,1,No,19,3,4,0,1,2,3,1,0,0,1,1.0,0.0,2269.0,3.75,0.0
48,Yes,Travel_Rarely,Research & Development,1,2,Life Sciences,1,Male,2,3,Laboratory Technician,3,Single,5381,9,Yes,13,3,4,0,23,2,3,1,0,0,0,0.043478260869565216,0.0,233.95652173913044,2.75,0.0
28,Yes,Travel_Rarely,Research & Development,5,4,Technical Degree,3,Male,3,1,Laboratory Technician,3,Single,3441,1,Yes,13,3,3,0,2,3,2,2,2,2,2,1.0,1.0,1720.5,2.75,1.0
44,No,Travel_Rarely,Sales,1,5,Marketing,2,Female,3,2,Sales Executive,1,Divorced,5454,5,Yes,21,4,3,1,9,2,2,4,3,1,3,0.4444444444444444,0.25,606.0,2.0,0.75
35,No,Non-Travel,Research & Development,11,2,Medical,3,Male,2,3,Healthcare Representative,1,Married,9884,2,Yes,13,3,3,1,10,3,3,4,0,2,3,0.4,0.5,988.4,2.5,0.0
26,No,Travel_Rarely,Sales,23,3,Marketing,3,Female,2,2,Sales Executive,4,Married,4157,7,Yes,19,3,3,1,5,2,2,2,2,0,0,0.4,0.0,831.4,3.0,1.0
33,No,Travel_Frequently,Research & Development,1,2,Life Sciences,1,Female,3,3,Research Director,4,Single,13458,1,Yes,12,3,3,0,15,1,3,15,14,8,12,1.0,0.5333333333333333,897.2,2.75,0.9333333333333333
35,No,Travel_Frequently,Sales,18,5,Life Sciences,2,Male,3,3,Sales Executive,1,Married,9069,1,No,22,4,4,1,9,3,2,9,8,1,8,1.0,0.1111111111111111,1007.6666666666666,2.25,0.8888888888888888
35,No,Travel_Rarely,Research & Development,23,4,Medical,3,Female,3,1,Laboratory Technician,1,Married,4014,3,Yes,15,3,3,1,4,3,3,2,2,2,2,0.5,1.0,1003.5,2.5,1.0
31,No,Travel_Rarely,Research & Development,7,4,Life Sciences,4,Male,3,2,Laboratory Technician,4,Divorced,5915,3,No,22,4,4,1,10,3,2,7,7,1,7,0.7,0.14285714285714285,591.5,3.5,1.0
37,No,Travel_Rarely,Research & Development,1,4,Life Sciences,1,Male,2,2,Manufacturing Director,3,Divorced,5993,1,No,18,3,3,1,7,2,4,7,5,0,7,1.0,0.0,856.1428571428571,2.75,0.7142857142857143
32,No,Travel_Rarely,Research & Development,1,3,Medical,1,Male,3,2,Manufacturing Director,4,Married,6162,1,Yes,22,4,2,1,9,3,3,9,8,7,8,1.0,0.7777777777777778,684.6666666666666,2.5,0.8888888888888888
38,No,Travel_Frequently,Research & Development,29,5,Life Sciences,4,Female,3,2,Laboratory Technician,4,Single,2406,1,No,11,3,4,0,10,2,3,10,3,9,9,1.0,0.9,240.6,3.75,0.3
50,No,Travel_Rarely,Research & Development,7,2,Medical,2,Female,2,5,Research Director,3,Divorced,18740,5,Yes,12,3,4,1,29,2,2,27,3,13,8,0.9310344827586207,0.48148148148148145,646.2068965517242,2.75,0.1111111111111111
59,No,Travel_Rarely,Sales,25,3,Life Sciences,1,Female,3,3,Sales Executive,1,Single,7637,7,No,11,3,4,0,28,3,2,21,16,7,9,0.75,0.3333333333333333,272.75,2.0,0.7619047619047619
36,No,Travel_Rarely,Research & Development,8,3,Technical Degree,3,Female,3,3,Healthcare Representative,3,Divorced,10096,1,No,13,3,2,3,17,2,3,17,14,12,8,1.0,0.7058823529411765,593.8823529411765,2.75,0.8235294117647058
55,No,Travel_Rarely,Research & Development,8,3,Medical,4,Female,3,4,Manager,3,Divorced,14756,2,Yes,14,3,3,3,21,2,3,5,0,0,2,0.23809523809523808,0.0,702.6666666666666,3.25,0.0
36,No,Travel_Frequently,Research & Development,11,3,Life Sciences,2,Male,2,2,Manufacturing Director,2,Single,6499,1,No,13,3,3,0,6,3,3,6,5,0,3,1.0,0.0,1083.1666666666667,2.5,0.8333333333333334
45,No,Travel_Rarely,Research & Development,7,3,Life Sciences,2,Male,3,3,Research Scientist,1,Divorced,9724,2,No,17,3,3,1,25,2,3,1,0,0,0,0.04,0.0,388.96,2.25,0.0
35,No,Travel_Frequently,Research & Development,1,3,Medical,2,Male,3,1,Research Scientist,1,Married,2194,4,No,13,3,4,1,5,2,2,3,2,1,2,0.6,0.3333333333333333,438.8,2.25,0.6666666666666666
36,Yes,Travel_Rarely,Research & Development,9,3,Medical,4,Male,2,1,Research Scientist,3,Married,3388,0,Yes,17,3,1,1,2,0,2,1,0,0,0,0.5,0.0,1694.0,2.5,0.0
59,No,Travel_Frequently,Sales,1,1,Life Sciences,1,Female,2,2,Sales Executive,3,Single,5473,7,No,11,3,4,0,20,2,2,4,3,1,3,0.2,0.25,273.65,2.5,0.75
29,No,Travel_Rarely,Research & Development,2,3,Life Sciences,3,Male,3,1,Research Scientist,2,Married,2703,0,No,23,4,4,1,6,3,3,5,4,0,4,0.8333333333333334,0.0,450.5,3.0,0.8
31,No,Travel_Rarely,Research & Development,1,4,Medical,3,Male,3,1,Research Scientist,2,Single,2501,1,No,17,3,2,0,1,4,3,1,1,1,0,1.0,1.0,2501.0,2.5,1.0
32,No,Travel_Rarely,Research & Development,1,3,Life Sciences,2,Male,3,2,Research Scientist,2,Married,6220,1,No,17,3,2,2,10,3,3,10,4,0,9,1.0,0.0,622.0,2.25,0.4
36,No,Travel_Rarely,Research & Development,6,3,Life Sciences,2,Female,4,1,Laboratory Technician,4,Married,3038,3,No,12,3,2,0,5,3,3,1,0,0,0,0.2,0.0,607.6,2.75,0.0
31,No,Travel_Rarely,Research & Development,8,4,Life Sciences,3,Female,3,2,Manufacturing Director,4,Single,4424,1,No,23,4,4,0,11,2,3,11,7,1,8,1.0,0.09090909090909091,402.1818181818182,3.5,0.6363636363636364
35,No,Travel_Rarely,Sales,1,4,Marketing,3,Male,2,2,Sales Executive,1,Single,4312,0,No,14,3,2,0,16,2,3,15,13,2,8,0.9375,0.13333333333333333,269.5,2.25,0.8666666666666667
45,No,Travel_Rarely,Research & Development,6,4,Other,4,Male,3,3,Research Director,1,Married,13245,4,Yes,14,3,2,0,17,3,4,0,0,0,0,0.0,0.0,779.1176470588235,2.75,0.0
37,No,Travel_Rarely,Research & Development,7,4,Medical,1,Male,3,3,Research Director,3,Single,13664,4,No,13,3,1,0,16,3,4,5,2,0,2,0.3125,0.0,854.0,2.25,0.4
46,No,Travel_Rarely,Human Resources,5,2,Medical,2,Male,3,2,Human Resources,2,Divorced,5021,8,Yes,22,4,4,1,16,2,3,4,2,0,2,0.25,0.0,313.8125,2.75,0.5
30,No,Travel_Rarely,Research & Development,1,1,Life Sciences,4,Male,2,2,Laboratory Technician,4,Married,5126,1,Yes,12,3,3,2,10,1,2,10,8,3,0,1.0,0.3,512.6,3.25,0.8
35,No,Travel_Rarely,Research & Development,1,3,Medical,2,Male,2,1,Research Scientist,3,Single,2859,1,No,18,3,1,0,6,3,3,6,4,0,4,1.0,0.0,476.5,2.25,0.6666666666666666
55,No,Travel_Rarely,Sales,1,2,Life Sciences,1,Male,3,3,Sales Executive,4,Married,10239,3,No,14,3,4,1,24,4,3,1,0,1,0,0.041666666666666664,1.0,426.625,3.0,0.0
38,No,Non-Travel,Research & Development,6,3,Medical,2,Female,1,2,Research Scientist,4,Divorced,5329,7,Yes,12,3,4,3,17,3,3,13,11,1,9,0.7647058823529411,0.07692307692307693,313.47058823529414,3.25,0.8461538461538461
34,No,Travel_Rarely,Research & Development,1,2,Medical,1,Male,3,2,Manufacturing Director,2,Married,4325,1,No,15,3,3,0,5,2,3,5,2,1,3,1.0,0.2,865.0,2.25,0.4
56,No,Travel_Rarely,Research & Development,7,3,Life Sciences,4,Male,1,3,Manufacturing Director,4,Single,7260,4,No,11,3,1,0,37,3,2,6,4,0,2,0.16216216216216217,0.0,196.21621621621622,2.75,0.6666666666666666
23,No,Travel_Rarely,Sales,2,1,Technical Degree,3,Male,3,1,Sales Representative,1,Divorced,2322,3,No,13,3,3,1,3,3,3,0,0,0,0,0.0,0.0,774.0,2.5,0.0
51,No,Travel_Rarely,Research & Development,9,4,Life Sciences,4,Male,3,1,Laboratory Technician,4,Married,2075,3,No,23,4,2,2,10,4,3,4,2,0,3,0.4,0.0,207.5,3.25,0.5
30,No,Travel_Rarely,Research & Development,2,3,Life Sciences,3,Male,2,2,Healthcare Representative,4,Married,4152,1,No,19,3,1,3,11,3,3,11,10,10,8,1.0,0.9090909090909091,377.45454545454544,2.75,0.9090909090909091
46,Yes,Travel_Rarely,Sales,9,2,Medical,3,Male,2,3,Sales Executive,4,Single,9619,1,No,16,3,4,0,9,3,3,9,8,4,7,1.0,0.4444444444444444,1068.7777777777778,3.5,0.8888888888888888
40,No,Travel_Frequently,Research & Development,1,4,Life Sciences,3,Male,2,4,Healthcare Representative,2,Married,13503,1,No,22,4,4,1,22,3,2,22,3,11,11,1.0,0.5,613.7727272727273,2.75,0.13636363636363635
51,No,Travel_Rarely,Sales,21,4,Marketing,3,Male,3,2,Sales Executive,4,Single,5441,0,Yes,22,4,4,0,11,2,1,10,7,1,0,0.9090909090909091,0.1,494.6363636363636,3.0,0.7
30,No,Travel_Rarely,Sales,4,2,Medical,3,Female,2,2,Sales Executive,2,Divorced,5209,1,Yes,12,3,2,3,11,4,2,11,8,2,7,1.0,0.18181818181818182,473.54545454545456,2.25,0.7272727272727273
46,No,Travel_Frequently,Research & Development,1,3,Medical,3,Male,2,3,Healthcare Representative,1,Married,10673,2,Yes,13,3,3,1,21,5,2,10,9,9,5,0.47619047619047616,0.9,508.23809523809524,2.25,0.9
32,No,Travel_Rarely,Sales,6,4,Medical,2,Male,3,2,Sales Executive,3,Single,5010,1,No,16,3,1,0,12,0,3,11,8,5,7,0.9166666666666666,0.45454545454545453,417.5,2.25,0.7272727272727273
54,No,Travel_Rarely,Research & Development,2,4,Technical Degree,1,Female,3,3,Research Director,3,Married,13549,9,No,12,3,1,1,16,5,1,4,3,0,3,0.25,0.0,846.8125,1.5,0.75
24,No,Travel_Rarely,Sales,3,2,Other,1,Female,3,2,Sales Executive,3,Married,4999,0,No,21,4,1,1,4,2,2,3,2,0,2,0.75,0.0,1249.75,1.75,0.6666666666666666
28,No,Non-Travel,Sales,4,3,Medical,2,Male,3,2,Sales Executive,3,Married,4221,1,No,15,3,2,0,5,3,4,5,4,0,4,1.0,0.0,844.2,2.75,0.8
58,No,Travel_Rarely,Sales,10,4,Medical,4,Male,3,4,Sales Executive,3,Single,13872,0,No,13,3,3,0,38,1,2,37,10,1,8,0.9736842105263158,0.02702702702702703,365.05263157894734,3.0,0.2702702702702703
44,No,Non-Travel,Research & Development,23,3,Medical,2,Male,3,2,Laboratory Technician,2,Married,2042,4,No,12,3,3,1,17,3,4,3,2,1,2,0.17647058823529413,0.3333333333333333,120.11764705882354,2.75,0.6666666666666666
37,Yes,Travel_Rarely,Human Resources,6,4,Human Resources,3,Male,3,1,Human Resources,1,Divorced,2073,4,Yes,22,4,4,0,7,3,3,3,2,0,2,0.42857142857142855,0.0,296.14285714285717,2.75,0.6666666666666666
32,No,Travel_Rarely,Research & Development,1,1,Life Sciences,4,Male,3,1,Research Scientist,1,Single,2956,1,No,13,3,4,0,1,2,3,1,0,0,0,1.0,0.0,2956.0,3.0,0.0
20,Yes,Travel_Frequently,Research & Development,6,3,Life Sciences,4,Female,2,1,Laboratory Technician,4,Single,2926,1,Yes,18,3,2,0,1,5,3,1,0,1,0,1.0,1.0,2926.0,3.25,0.0
34,No,Travel_Rarely,Research & Development,6,4,Other,1,Female,3,2,Research Scientist,3,Single,4809,1,No,14,3,3,0,16,3,3,16,13,2,10,1.0,0.125,300.5625,2.5,0.8125
37,No,Non-Travel,Research & Development,2,2,Life Sciences,3,Male,2,2,Healthcare Representative,4,Divorced,5163,5,No,14,3,4,1,17,2,4,1,0,0,0,0.058823529411764705,0.0,303.70588235294116,3.75,0.0
59,No,Non-Travel,Human Resources,2,4,Human Resources,3,Female,2,5,Manager,4,Married,18844,9,No,21,4,4,1,30,3,3,3,2,2,2,0.1,0.6666666666666666,628.1333333333333,3.5,0.6666666666666666
50,No,Travel_Frequently,Research & Development,1,3,Life Sciences,1,Female,3,5,Research Director,2,Married,18172,3,Yes,19,3,1,0,28,1,2,8,3,0,7,0.2857142857142857,0.0,649.0,1.5,0.375
25,Yes,Travel_Rarely,Sales,5,3,Marketing,3,Male,2,2,Sales Executive,3,Single,5744,1,Yes,11,3,4,0,6,1,3,6,4,0,3,1.0,0.0,957.3333333333334,3.25,0.6666666666666666
25,No,Travel_Rarely,Research & Development,7,1,Medical,4,Male,2,1,Research Scientist,4,Married,2889,1,No,11,3,3,2,2,2,3,2,2,2,1,1.0,1.0,1444.5,3.5,1.0
22,No,Travel_Rarely,Research & Development,15,3,Medical,2,Female,3,1,Laboratory Technician,4,Single,2871,1,No,15,3,3,0,1,5,3,0,0,0,0,0.0,0.0,2871.0,3.0,0.0
51,No,Travel_Frequently,Research & Development,1,4,Medical,1,Female,2,3,Healthcare Representative,1,Single,7484,3,No,20,4,3,0,23,1,2,13,12,12,8,0.5652173913043478,0.9230769230769231,325.39130434782606,1.75,0.9230769230769231
34,Yes,Travel_Frequently,Research & Development,7,3,Life Sciences,1,Male,1,2,Laboratory Technician,3,Single,6074,1,Yes,24,4,4,0,9,3,3,9,7,0,6,1.0,0.0,674.8888888888889,2.75,0.7777777777777778
54,No,Non-Travel,Human Resources,26,3,Human Resources,4,Female,4,4,Manager,4,Single,17328,2,Yes,12,3,3,0,23,3,3,5,3,4,4,0.21739130434782608,0.8,753.3913043478261,3.5,0.6
24,No,Travel_Rarely,Research & Development,18,1,Life Sciences,2,Male,3,1,Laboratory Technician,3,Married,2774,0,No,12,3,3,1,6,2,3,5,3,1,2,0.8333333333333334,0.2,462.3333333333333,2.75,0.6
34,No,Travel_Rarely,Research & Development,6,4,Life Sciences,3,Female,2,2,Research Scientist,2,Divorced,4505,6,No,15,3,3,1,12,3,3,1,0,0,0,0.08333333333333333,0.0,375.4166666666667,2.75,0.0
37,No,Travel_Rarely,Sales,3,3,Life Sciences,3,Male,3,3,Sales Executive,4,Single,7428,2,No,12,3,1,0,12,3,3,5,3,1,3,0.4166666666666667,0.2,619.0,2.75,0.6
34,No,Travel_Rarely,Research & Development,5,3,Medical,3,Female,2,3,Manager,1,Single,11631,2,No,12,3,4,0,14,6,3,11,10,5,8,0.7857142857142857,0.45454545454545453,830.7857142857143,2.75,0.9090909090909091
36,No,Travel_Frequently,Sales,11,2,Technical Degree,2,Female,3,3,Sales Executive,4,Married,9738,0,No,14,3,3,1,10,6,3,9,7,2,8,0.9,0.2222222222222222,973.8,3.0,0.7777777777777778
36,No,Travel_Rarely,Research & Development,3,2,Life Sciences,1,Female,3,1,Laboratory Technician,4,Divorced,2835,5,No,22,4,1,1,7,2,3,1,0,0,0,0.14285714285714285,0.0,405.0,2.25,0.0
43,No,Travel_Frequently,Sales,26,2,Life Sciences,3,Male,3,4,Manager,4,Married,16959,1,Yes,12,3,4,2,25,3,4,25,12,4,12,1.0,0.16,678.36,3.75,0.48
30,No,Travel_Frequently,Research & Development,23,3,Life Sciences,1,Male,1,1,Research Scientist,3,Divorced,2613,1,No,25,4,3,3,10,2,2,10,7,0,9,1.0,0.0,261.3,2.25,0.7
33,No,Non-Travel,Sales,22,2,Marketing,3,Male,3,2,Sales Executive,2,Married,6146,0,No,13,3,1,1,8,2,4,7,7,0,7,0.875,0.0,768.25,2.5,1.0
56,Yes,Travel_Rarely,Research & Development,14,4,Life Sciences,2,Female,3,1,Research Scientist,2,Married,4963,9,Yes,18,3,1,3,7,2,3,5,4,4,3,0.7142857142857143,0.8,709.0,2.0,0.8
51,No,Travel_Rarely,Research & Development,6,3,Life Sciences,1,Male,3,5,Research Director,3,Single,19537,7,No,13,3,3,0,23,5,3,20,18,15,15,0.8695652173913043,0.75,849.4347826086956,2.5,0.9
31,Yes,Travel_Rarely,Sales,6,4,Life Sciences,2,Male,1,2,Sales Executive,3,Married,6172,4,Yes,18,3,2,0,12,3,2,7,7,7,7,0.5833333333333334,1.0,514.3333333333334,2.25,1.0
26,No,Travel_Rarely,Research & Development,6,3,Other,3,Female,2,1,Research Scientist,2,Married,2368,1,No,19,3,3,0,5,3,2,5,4,4,3,1.0,0.8,473.6,2.5,0.8
58,Yes,Travel_Rarely,Research & Development,23,4,Medical,4,Female,3,3,Healthcare Representative,4,Married,10312,1,No,12,3,4,1,40,3,2,40,10,15,6,1.0,0.375,257.8,3.5,0.25
19,Yes,Travel_Rarely,Sales,22,1,Marketing,4,Male,3,1,Sales Representative,3,Single,1675,1,Yes,19,3,4,0,0,2,2,0,0,0,0,0.0,0.0,1675.0,3.25,0.0
22,No,Travel_Rarely,Research & Development,2,1,Technical Degree,3,Male,3,1,Laboratory Technician,4,Married,2523,0,No,14,3,3,1,3,2,3,2,1,2,1,0.6666666666666666,1.0,841.0,3.25,0.5
49,No,Travel_Rarely,Research & Development,20,4,Medical,3,Female,3,2,Manufacturing Director,1,Married,6567,1,No,14,3,3,0,16,2,2,15,11,5,11,0.9375,0.3333333333333333,410.4375,2.25,0.7333333333333333
43,No,Travel_Frequently,Research & Development,28,3,Medical,2,Female,4,1,Research Scientist,3,Single,4739,4,No,12,3,4,0,18,2,3,3,2,1,2,0.16666666666666666,0.3333333333333333,263.27777777777777,3.0,0.6666666666666666
50,No,Travel_Frequently,Sales,12,3,Marketing,3,Female,3,3,Sales Executive,4,Single,9208,4,No,11,3,4,0,16,3,3,2,2,2,1,0.125,1.0,575.5,3.5,1.0
31,Yes,Travel_Rarely,Sales,20,3,Life Sciences,2,Female,1,2,Sales Executive,3,Married,4559,3,Yes,11,3,3,1,4,2,3,2,2,2,2,0.5,1.0,1139.75,2.75,1.0
41,No,Travel_Rarely,Sales,9,1,Life Sciences,3,Male,3,3,Sales Executive,3,Divorced,8189,3,Yes,13,3,3,1,12,2,3,9,7,0,7,0.75,0.0,682.4166666666666,3.0,0.7777777777777778
26,No,Travel_Rarely,Human Resources,25,1,Life Sciences,3,Female,3,1,Human Resources,3,Married,2942,1,No,23,4,4,1,8,3,3,8,7,5,7,1.0,0.625,367.75,3.25,0.875
36,No,Travel_Rarely,Research & Development,6,2,Medical,2,Male,3,2,Manufacturing Director,2,Divorced,4941,6,No,20,4,4,2,7,0,3,3,2,0,1,0.42857142857142855,0.0,705.8571428571429,2.75,0.6666666666666666
51,Yes,Travel_Frequently,Research & Development,8,4,Life Sciences,1,Male,1,3,Manufacturing Director,4,Single,10650,2,No,15,3,4,0,18,2,3,4,2,0,3,0.2222222222222222,0.0,591.6666666666666,3.0,0.5
39,No,Travel_Rarely,Sales,4,4,Life Sciences,4,Female,2,2,Sales Executive,3,Married,5902,4,No,14,3,3,1,17,1,4,15,11,5,9,0.8823529411764706,0.3333333333333333,347.1764705882353,3.5,0.7333333333333333
25,No,Travel_Rarely,Sales,28,3,Life Sciences,1,Male,2,2,Sales Executive,3,Married,8639,2,No,18,3,4,0,6,3,3,2,2,2,2,0.3333333333333333,1.0,1439.8333333333333,2.75,1.0
30,No,Travel_Rarely,Human Resources,9,3,Human Resources,3,Male,3,2,Human Resources,4,Married,6347,0,Yes,19,3,4,0,12,2,1,11,9,4,7,0.9166666666666666,0.36363636363636365,528.9166666666666,3.0,0.8181818181818182
32,Yes,Travel_Rarely,Research & Development,9,3,Medical,1,Female,3,1,Laboratory Technician,1,Single,4200,7,No,22,4,1,0,10,2,4,5,4,0,4,0.5,0.0,420.0,1.75,0.8
45,No,Travel_Rarely,Research & Development,29,3,Medical,3,Male,3,1,Research Scientist,4,Single,3452,5,No,13,3,2,0,9,2,2,6,5,0,3,0.6666666666666666,0.0,383.55555555555554,2.75,0.8333333333333334
38,No,Travel_Rarely,Research & Development,3,5,Technical Degree,4,Female,3,2,Research Scientist,3,Single,4317,3,Yes,20,4,2,0,19,2,3,3,2,2,2,0.15789473684210525,0.6666666666666666,227.21052631578948,3.0,0.6666666666666666
30,No,Travel_Rarely,Research & Development,18,3,Life Sciences,1,Female,3,1,Research Scientist,3,Single,2632,1,No,14,3,3,0,5,4,2,5,4,0,4,1.0,0.0,526.4,2.25,0.8
32,No,Travel_Frequently,Sales,9,2,Medical,4,Male,1,2,Sales Executive,4,Divorced,4668,0,No,17,3,4,3,9,2,4,8,7,0,7,0.8888888888888888,0.0,518.6666666666666,4.0,0.875
30,No,Travel_Rarely,Research & Development,5,3,Technical Degree,4,Female,3,1,Research Scientist,1,Divorced,3204,5,No,14,3,4,1,8,3,3,3,2,2,2,0.375,0.6666666666666666,400.5,3.0,0.6666666666666666
30,No,Travel_Rarely,Research & Development,2,1,Medical,2,Male,2,1,Laboratory Technician,4,Single,2720,0,No,13,3,4,0,6,3,3,5,3,1,2,0.8333333333333334,0.2,453.3333333333333,3.25,0.6
41,No,Travel_Frequently,Research & Development,10,3,Life Sciences,4,Male,2,4,Manager,1,Divorced,17181,4,No,13,3,2,1,21,2,2,7,6,7,7,0.3333333333333333,1.0,818.1428571428571,2.25,0.8571428571428571
41,No,Travel_Rarely,Research & Development,9,4,Life Sciences,3,Male,3,1,Laboratory Technician,1,Married,2238,2,No,21,4,4,1,7,2,3,5,0,1,4,0.7142857142857143,0.2,319.7142857142857,2.75,0.0
19,No,Travel_Rarely,Research & Development,3,1,Medical,2,Female,3,1,Laboratory Technician,2,Single,1483,1,No,14,3,4,0,1,3,3,1,0,0,0,1.0,0.0,1483.0,2.75,0.0
40,No,Travel_Frequently,Research & Development,26,3,Medical,2,Female,3,2,Research Scientist,2,Divorced,5605,1,No,11,3,1,1,20,2,3,20,7,2,13,1.0,0.1,280.25,2.0,0.35
35,No,Travel_Rarely,Sales,1,5,Marketing,3,Male,3,3,Sales Executive,2,Married,7295,1,No,13,3,1,2,10,3,3,10,8,0,6,1.0,0.0,729.5,2.25,0.8
53,No,Travel_Rarely,Sales,6,2,Marketing,2,Male,3,2,Sales Representative,3,Married,2306,2,Yes,20,4,4,1,13,3,1,7,7,4,5,0.5384615384615384,0.5714285714285714,177.3846153846154,2.5,1.0
45,No,Travel_Rarely,Research & Development,9,3,Life Sciences,2,Male,3,2,Laboratory Technician,2,Divorced,2348,8,No,18,3,3,1,20,2,1,17,9,0,15,0.85,0.0,117.4,2.0,0.5294117647058824
32,No,Travel_Frequently,Sales,8,3,Marketing,2,Female,3,3,Sales Executive,4,Single,8998,1,No,14,3,4,0,9,2,3,9,8,3,7,1.0,0.3333333333333333,999.7777777777778,3.25,0.8888888888888888
29,No,Non-Travel,Research & Development,1,1,Technical Degree,4,Male,3,2,Manufacturing Director,3,Married,4319,1,No,13,3,1,1,10,1,3,10,7,0,9,1.0,0.0,431.9,2.75,0.7
51,No,Travel_Rarely,Research & Development,7,4,Medical,2,Male,2,2,Manufacturing Director,3,Married,6132,2,No,17,3,3,0,10,2,3,1,0,0,0,0.1,0.0,613.2,2.75,0.0
58,No,Travel_Rarely,Research & Development,9,3,Medical,2,Female,2,1,Research Scientist,2,Married,3346,4,Yes,20,4,2,1,9,3,2,1,0,0,0,0.1111111111111111,0.0,371.77777777777777,2.0,0.0
40,No,Travel_Rarely,Sales,4,4,Marketing,3,Male,2,3,Sales Executive,4,Married,10855,7,No,11,3,1,1,15,2,2,12,11,2,11,0.8,0.16666666666666666,723.6666666666666,2.5,0.9166666666666666
34,No,Travel_Frequently,Sales,2,4,Marketing,3,Female,3,1,Sales Representative,3,Married,2231,6,No,18,3,4,1,6,3,3,4,3,1,2,0.6666666666666666,0.25,371.8333333333333,3.25,0.75
22,No,Travel_Rarely,Research & Development,19,1,Medical,3,Male,3,1,Research Scientist,4,Married,2323,1,No,24,4,1,2,2,6,3,2,2,2,2,1.0,1.0,1161.5,2.75,1.0
27,No,Non-Travel,Research & Development,9,3,Medical,4,Male,3,1,Research Scientist,2,Divorced,2024,6,No,18,3,4,1,6,1,1,2,2,2,2,0.3333333333333333,1.0,337.3333333333333,2.75,1.0
28,No,Travel_Rarely,Research & Development,21,3,Medical,3,Male,3,1,Research Scientist,4,Married,2713,1,No,11,3,3,1,5,2,1,5,2,0,2,1.0,0.0,542.6,2.75,0.4
57,No,Travel_Rarely,Research & Development,24,2,Life Sciences,3,Male,4,3,Healthcare Representative,4,Divorced,9439,3,Yes,16,3,2,1,12,2,1,5,3,1,4,0.4166666666666667,0.2,786.5833333333334,2.5,0.6
27,No,Non-Travel,Research & Development,3,3,Medical,3,Male,2,1,Research Scientist,3,Divorced,2566,1,Yes,15,3,4,1,1,2,2,1,1,0,1,1.0,0.0,2566.0,3.0,1.0
50,No,Travel_Rarely,Research & Development,11,3,Life Sciences,3,Female,3,5,Manager,2,Single,19926,3,No,15,3,2,0,21,5,3,5,4,4,4,0.23809523809523808,0.8,948.8571428571429,2.5,0.8
41,No,Travel_Rarely,Research & Development,14,3,Life Sciences,1,Male,3,1,Research Scientist,3,Divorced,2451,4,No,12,3,1,1,13,2,3,9,8,1,8,0.6923076923076923,0.1111111111111111,188.53846153846155,2.0,0.8888888888888888
30,No,Travel_Rarely,Sales,5,3,Life Sciences,2,Female,3,3,Sales Executive,4,Married,9419,2,No,12,3,3,1,12,2,3,10,9,7,4,0.8333333333333334,0.7,784.9166666666666,3.0,0.9
38,No,Travel_Rarely,Sales,1,4,Life Sciences,1,Female,2,2,Sales Executive,4,Single,8686,4,No,22,4,3,0,12,2,4,8,3,0,7,0.6666666666666666,0.0,723.8333333333334,3.0,0.375
32,No,Travel_Rarely,Research & Development,6,5,Life Sciences,3,Male,3,1,Research Scientist,3,Single,3038,3,No,20,4,1,0,8,2,3,5,4,1,4,0.625,0.2,379.75,2.5,0.8
27,No,Travel_Rarely,Research & Development,17,3,Technical Degree,3,Male,3,1,Research Scientist,2,Married,3058,0,Yes,16,3,4,1,6,3,2,5,2,1,1,0.8333333333333334,0.2,509.6666666666667,2.75,0.4
19,Yes,Travel_Frequently,Sales,1,1,Technical Degree,3,Female,1,1,Sales Representative,1,Single,2325,0,No,21,4,1,0,1,5,4,0,0,0,0,0.0,0.0,2325.0,2.25,0.0
36,No,Travel_Frequently,Research & Development,3,2,Medical,4,Male,3,1,Laboratory Technician,2,Single,2088,4,No,12,3,3,0,13,3,2,8,7,7,2,0.6153846153846154,0.875,160.6153846153846,2.75,0.875
30,No,Non-Travel,Research & Development,9,3,Medical,3,Male,3,2,Laboratory Technician,1,Divorced,3072,1,No,11,3,3,2,12,4,3,12,9,6,10,1.0,0.5,256.0,2.5,0.75
45,No,Travel_Rarely,Sales,4,2,Life Sciences,3,Female,3,2,Sales Executive,1,Divorced,5006,4,Yes,11,3,1,1,9,3,4,5,4,0,3,0.5555555555555556,0.0,556.2222222222222,2.25,0.8
56,No,Travel_Rarely,Research & Development,8,3,Life Sciences,3,Female,3,1,Research Scientist,1,Divorced,4257,4,Yes,18,3,3,1,19,3,3,2,2,2,2,0.10526315789473684,1.0,224.05263157894737,2.5,1.0
33,No,Travel_Rarely,Research & Development,2,3,Life Sciences,3,Male,3,1,Research Scientist,4,Single,2500,0,No,14,3,1,0,4,2,4,3,1,0,2,0.75,0.0,625.0,3.0,0.3333333333333333
19,Yes,Travel_Rarely,Research & Development,2,3,Life Sciences,2,Male,2,1,Laboratory Technician,4,Single,1102,1,No,22,4,3,0,1,3,2,1,0,1,0,1.0,1.0,1102.0,2.75,0.0
46,No,Travel_Rarely,Sales,1,2,Marketing,2,Female,3,3,Sales Executive,1,Divorced,10453,1,No,25,4,3,3,24,2,3,24,13,15,7,1.0,0.625,435.5416666666667,2.25,0.5416666666666666
38,No,Travel_Rarely,Research & Development,9,2,Life Sciences,3,Female,3,1,Laboratory Technician,4,Single,2288,1,No,12,3,3,0,2,3,3,2,2,2,1,1.0,1.0,1144.0,3.25,1.0
31,No,Travel_Rarely,Research & Development,12,1,Medical,3,Female,3,1,Research Scientist,4,Married,3929,8,Yes,23,4,3,1,7,0,3,4,2,0,2,0.5714285714285714,0.0,561.2857142857143,3.25,0.5
34,No,Travel_Rarely,Research & Development,27,2,Medical,4,Female,3,1,Research Scientist,2,Single,2311,2,No,15,3,4,0,9,3,3,3,2,1,2,0.3333333333333333,0.3333333333333333,256.77777777777777,3.25,0.6666666666666666
41,Yes,Travel_Rarely,Sales,20,2,Marketing,2,Female,3,1,Sales Representative,2,Single,3140,1,Yes,22,4,4,0,4,5,2,4,3,0,2,1.0,0.0,785.0,2.5,0.75
50,No,Travel_Rarely,Research & Development,1,3,Medical,3,Male,2,1,Laboratory Technician,3,Married,3690,2,No,15,3,4,1,5,2,2,3,2,0,2,0.6,0.0,738.0,3.0,0.6666666666666666
53,No,Travel_Rarely,Research & Development,13,2,Medical,4,Female,4,2,Manufacturing Director,1,Divorced,4450,1,No,11,3,3,2,5,3,3,4,2,1,3,0.8,0.25,890.0,2.75,0.5
33,No,Travel_Rarely,Research & Development,14,3,Medical,4,Female,3,1,Research Scientist,2,Married,2756,1,No,13,3,4,1,8,5,3,8,7,1,6,1.0,0.125,344.5,3.25,0.875
40,No,Travel_Rarely,Research & Development,4,1,Medical,4,Female,3,5,Manager,3,Married,19033,1,No,14,3,2,1,21,2,3,20,8,9,9,0.9523809523809523,0.45,906.3333333333334,3.0,0.4
55,No,Travel_Rarely,Research & Development,14,4,Medical,3,Male,4,5,Research Director,2,Single,18722,8,No,11,3,4,0,36,3,3,24,15,2,15,0.6666666666666666,0.08333333333333333,520.0555555555555,3.0,0.625
34,No,Travel_Frequently,Research & Development,2,1,Life Sciences,4,Male,2,2,Manufacturing Director,3,Married,9547,1,No,17,3,3,0,10,2,2,10,9,1,9,1.0,0.1,954.7,3.0,0.9
51,No,Travel_Rarely,Research & Development,3,3,Medical,4,Female,3,4,Healthcare Representative,2,Single,13734,3,No,18,3,3,0,21,6,3,7,7,1,0,0.3333333333333333,0.14285714285714285,654.0,3.0,1.0
52,No,Travel_Rarely,Research & Development,1,4,Life Sciences,3,Male,2,5,Manager,3,Married,19999,0,No,14,3,1,1,34,5,3,33,18,11,9,0.9705882352941176,0.3333333333333333,588.2058823529412,2.5,0.5454545454545454
27,No,Travel_Rarely,Research & Development,9,3,Medical,4,Female,3,1,Research Scientist,2,Single,2279,1,No,16,3,4,0,7,2,2,7,7,0,3,1.0,0.0,325.57142857142856,3.0,1.0
35,Yes,Travel_Rarely,Research & Development,23,2,Life Sciences,2,Male,2,2,Manufacturing Director,3,Married,5916,3,Yes,13,3,1,0,8,1,3,1,0,0,1,0.125,0.0,739.5,2.25,0.0
43,No,Non-Travel,Research & Development,7,3,Medical,4,Male,4,1,Research Scientist,4,Divorced,2089,4,No,14,3,4,3,7,3,4,5,4,2,2,0.7142857142857143,0.4,298.42857142857144,4.0,0.8
45,No,Non-Travel,Research & Development,2,2,Medical,1,Male,2,4,Manager,4,Married,16792,9,No,23,4,4,1,22,1,3,20,8,11,8,0.9090909090909091,0.55,763.2727272727273,3.0,0.4
37,No,Travel_Rarely,Research & Development,21,3,Life Sciences,2,Male,4,1,Research Scientist,1,Married,3564,1,Yes,12,3,1,1,8,3,2,8,7,1,7,1.0,0.125,445.5,1.5,0.875
35,No,Travel_Frequently,Research & Development,2,3,Medical,2,Female,3,2,Laboratory Technician,2,Single,4425,5,No,11,3,4,0,10,5,3,6,2,1,2,0.6,0.16666666666666666,442.5,2.75,0.3333333333333333
42,No,Non-Travel,Research & Development,21,2,Medical,3,Female,3,2,Manufacturing Director,3,Divorced,5265,2,No,16,3,2,1,11,5,3,5,3,0,2,0.45454545454545453,0.0,478.6363636363636,2.75,0.6
38,No,Travel_Rarely,Research & Development,2,4,Life Sciences,4,Male,3,2,Manufacturing Director,3,Married,6553,9,No,14,3,2,0,14,3,3,1,0,0,0,0.07142857142857142,0.0,468.07142857142856,3.0,0.0
38,No,Travel_Rarely,Research & Development,29,3,Technical Degree,4,Male,3,2,Manufacturing Director,4,Married,6261,3,No,18,3,1,1,9,3,1,7,7,1,7,0.7777777777777778,0.14285714285714285,695.6666666666666,2.5,1.0
27,No,Travel_Frequently,Research & Development,1,1,Technical Degree,3,Male,2,2,Manufacturing Director,1,Married,4298,5,No,19,3,3,1,6,1,3,2,2,2,0,0.3333333333333333,1.0,716.3333333333334,2.5,1.0
49,No,Non-Travel,Research & Development,18,4,Life Sciences,4,Male,3,2,Manufacturing Director,4,Divorced,6804,1,Yes,15,3,1,2,7,0,3,7,7,1,7,1.0,0.14285714285714285,972.0,3.0,1.0
34,No,Travel_Frequently,Research & Development,10,4,Medical,4,Male,3,1,Research Scientist,3,Divorced,3815,1,Yes,17,3,4,1,5,4,4,5,3,2,0,1.0,0.4,763.0,3.75,0.6
40,No,Travel_Rarely,Research & Development,19,2,Medical,3,Male,3,2,Laboratory Technician,4,Married,2741,8,Yes,15,3,3,1,15,2,4,7,2,3,7,0.4666666666666667,0.42857142857142855,182.73333333333332,3.5,0.2857142857142857
38,Yes,Travel_Rarely,Research & Development,29,1,Medical,2,Male,3,2,Healthcare Representative,1,Married,6673,7,Yes,19,3,2,0,17,2,3,1,0,0,0,0.058823529411764705,0.0,392.52941176470586,2.0,0.0
29,Yes,Travel_Rarely,Sales,27,3,Marketing,2,Female,3,3,Sales Executive,4,Married,7639,1,No,22,4,4,3,10,3,2,10,4,1,9,1.0,0.1,763.9,3.0,0.4
22,No,Travel_Rarely,Research & Development,5,3,Life Sciences,4,Male,4,1,Research Scientist,2,Divorced,2328,1,Yes,16,3,1,1,4,2,2,4,2,2,2,1.0,0.5,582.0,2.25,0.5
36,No,Travel_Frequently,Research & Development,18,1,Medical,2,Female,3,1,Laboratory Technician,4,Single,2153,1,No,13,3,1,0,8,2,3,8,1,1,7,1.0,0.125,269.125,2.5,0.125
40,No,Non-Travel,Research & Development,9,5,Life Sciences,4,Male,2,2,Healthcare Representative,4,Married,4876,9,No,14,3,4,1,5,5,1,3,2,0,2,0.6,0.0,975.2,3.25,0.6666666666666666
46,No,Travel_Rarely,Research & Development,1,4,Medical,4,Male,3,3,Healthcare Representative,1,Divorced,9396,7,No,16,3,3,1,17,3,3,4,2,0,3,0.23529411764705882,0.0,552.7058823529412,2.75,0.5
32,Yes,Travel_Rarely,Sales,4,4,Medical,4,Male,1,3,Sales Executive,4,Married,10400,1,No,11,3,3,0,14,2,2,14,8,9,8,1.0,0.6428571428571429,742.8571428571429,3.25,0.5714285714285714
30,No,Non-Travel,Research & Development,1,1,Life Sciences,3,Male,2,3,Manufacturing Director,3,Single,8474,1,No,22,4,3,0,12,2,3,11,8,5,8,0.9166666666666666,0.45454545454545453,706.1666666666666,3.0,0.7272727272727273
27,No,Travel_Frequently,Sales,20,3,Life Sciences,4,Female,3,2,Sales Executive,3,Single,9981,1,No,14,3,4,0,7,2,3,7,7,0,7,1.0,0.0,1425.857142857143,3.5,1.0
51,No,Travel_Rarely,Research & Development,8,4,Life Sciences,2,Male,2,3,Research Director,2,Married,12490,5,No,16,3,4,2,16,5,1,10,9,4,7,0.625,0.4,780.625,2.25,0.9
30,Yes,Travel_Rarely,Research & Development,3,3,Technical Degree,4,Female,3,1,Research Scientist,1,Single,2657,5,Yes,11,3,3,0,8,5,3,5,2,0,4,0.625,0.0,332.125,2.75,0.4
41,No,Travel_Rarely,Sales,6,3,Life Sciences,4,Female,3,3,Manager,4,Single,13591,3,Yes,18,3,3,0,16,3,3,1,0,0,0,0.0625,0.0,849.4375,3.5,0.0
30,Yes,Travel_Frequently,Sales,26,4,Marketing,3,Female,2,2,Sales Executive,1,Single,6696,5,No,15,3,3,0,9,5,2,6,3,0,1,0.6666666666666666,0.0,744.0,2.25,0.5
29,Yes,Travel_Rarely,Research & Development,1,3,Technical Degree,3,Male,3,1,Research Scientist,3,Single,2058,0,No,14,3,4,0,7,1,2,6,2,1,5,0.8571428571428571,0.16666666666666666,294.0,3.0,0.3333333333333333
45,No,Non-Travel,Sales,6,3,Medical,4,Female,2,3,Sales Executive,4,Single,8865,6,No,12,3,4,0,23,2,3,19,7,12,8,0.8260869565217391,0.631578947368421,385.4347826086956,3.75,0.3684210526315789
54,No,Travel_Rarely,Sales,3,3,Marketing,4,Female,3,2,Sales Executive,1,Married,5940,2,No,14,3,4,1,16,4,3,6,2,0,5,0.375,0.0,371.25,3.0,0.3333333333333333
36,No,Travel_Rarely,Research & Development,5,2,Life Sciences,4,Male,3,2,Laboratory Technician,2,Single,5914,8,No,16,3,4,0,16,3,4,13,11,3,7,0.8125,0.23076923076923078,369.625,3.5,0.8461538461538461
33,No,Travel_Rarely,Research & Development,4,4,Medical,3,Female,2,1,Research Scientist,2,Married,2622,6,No,21,4,4,0,7,3,3,3,2,1,1,0.42857142857142855,0.3333333333333333,374.57142857142856,3.0,0.6666666666666666
37,No,Travel_Frequently,Research & Development,11,3,Other,2,Male,3,3,Research Director,4,Divorced,12185,1,Yes,14,3,3,3,10,1,3,10,8,0,7,1.0,0.0,1218.5,3.0,0.8
38,No,Travel_Rarely,Sales,3,3,Life Sciences,1,Male,3,3,Sales Executive,3,Divorced,10609,0,No,12,3,3,2,17,6,2,16,10,5,13,0.9411764705882353,0.3125,624.0588235294117,2.25,0.625
31,No,Non-Travel,Research & Development,1,4,Medical,3,Male,1,2,Manufacturing Director,3,Married,4345,0,No,12,3,4,1,6,2,3,5,4,1,4,0.8333333333333334,0.2,724.1666666666666,3.25,0.8
59,No,Travel_Rarely,Research & Development,3,3,Life Sciences,3,Male,2,1,Research Scientist,4,Married,2177,3,No,17,3,1,1,7,6,3,1,0,0,0,0.14285714285714285,0.0,311.0,2.75,0.0
37,No,Travel_Frequently,Sales,4,4,Marketing,1,Male,3,1,Sales Representative,4,Divorced,2793,4,No,17,3,3,1,13,2,3,9,8,5,8,0.6923076923076923,0.5555555555555556,214.84615384615384,2.75,0.8888888888888888
29,No,Travel_Frequently,Sales,1,1,Medical,2,Female,3,3,Sales Executive,4,Married,7918,1,No,14,3,4,1,11,5,3,11,10,4,1,1.0,0.36363636363636365,719.8181818181819,3.25,0.9090909090909091
35,No,Travel_Frequently,Sales,1,3,Marketing,3,Female,3,3,Sales Executive,3,Single,8789,1,No,14,3,1,0,10,3,4,10,7,0,8,1.0,0.0,878.9,2.75,0.7
29,Yes,Travel_Rarely,Research & Development,18,1,Medical,3,Male,2,1,Research Scientist,4,Single,2389,1,Yes,13,3,3,0,4,3,2,4,3,0,1,1.0,0.0,597.25,3.0,0.75
52,No,Travel_Rarely,Research & Development,2,3,Life Sciences,3,Female,2,1,Laboratory Technician,4,Single,3212,7,No,15,3,2,0,6,3,2,2,2,2,2,0.3333333333333333,1.0,535.3333333333334,2.75,1.0
42,No,Travel_Rarely,Research & Development,4,2,Technical Degree,3,Male,3,5,Manager,4,Married,19232,1,No,11,3,4,0,22,3,3,22,17,11,15,1.0,0.5,874.1818181818181,3.5,0.7727272727272727
59,No,Travel_Rarely,Human Resources,6,2,Medical,2,Male,3,1,Human Resources,3,Married,2267,8,No,17,3,4,0,7,2,2,2,2,2,2,0.2857142857142857,1.0,323.85714285714283,2.75,1.0
50,No,Travel_Rarely,Sales,1,4,Medical,4,Female,3,5,Manager,4,Divorced,19517,3,No,11,3,3,1,32,3,2,7,0,0,6,0.21875,0.0,609.90625,3.25,0.0
33,Yes,Travel_Rarely,Research & Development,14,3,Medical,3,Male,3,1,Laboratory Technician,4,Married,2436,5,Yes,13,3,3,1,8,2,1,5,4,0,4,0.625,0.0,304.5,2.75,0.8
43,No,Travel_Rarely,Sales,16,3,Marketing,4,Female,3,4,Manager,4,Married,16064,5,Yes,22,4,3,1,22,3,3,17,13,1,9,0.7727272727272727,0.058823529411764705,730.1818181818181,3.5,0.7647058823529411
33,Yes,Travel_Rarely,Research & Development,2,2,Life Sciences,1,Female,3,1,Laboratory Technician,1,Married,2707,7,No,20,4,1,0,13,3,4,9,7,1,7,0.6923076923076923,0.1111111111111111,208.23076923076923,1.75,0.7777777777777778
52,No,Non-Travel,Sales,2,4,Life Sciences,1,Male,2,5,Manager,3,Single,19068,1,Yes,18,3,4,0,33,2,4,33,7,15,12,1.0,0.45454545454545453,577.8181818181819,3.0,0.21212121212121213
32,No,Travel_Rarely,Sales,4,2,Life Sciences,3,Female,3,1,Sales Representative,2,Married,3931,2,No,11,3,1,1,6,5,3,4,3,1,2,0.6666666666666666,0.25,655.1666666666666,2.25,0.75
32,Yes,Travel_Rarely,Research & Development,1,3,Life Sciences,4,Male,2,1,Laboratory Technician,3,Single,3730,0,Yes,14,3,4,0,4,2,1,3,2,1,2,0.75,0.3333333333333333,932.5,3.0,0.6666666666666666
39,No,Travel_Rarely,Research & Development,1,4,Medical,3,Female,3,1,Laboratory Technician,3,Divorced,2232,7,No,14,3,3,3,7,1,3,3,2,1,2,0.42857142857142855,0.3333333333333333,318.85714285714283,3.0,0.6666666666666666
32,No,Non-Travel,Sales,26,4,Marketing,3,Male,3,2,Sales Executive,4,Married,4465,0,No,18,3,1,0,4,2,3,3,2,2,2,0.75,0.6666666666666666,1116.25,2.75,0.6666666666666666
41,No,Travel_Rarely,Research & Development,19,2,Life Sciences,3,Male,3,2,Research Scientist,1,Divorced,3072,2,No,16,3,1,2,17,2,2,1,0,0,0,0.058823529411764705,0.0,180.7058823529412,1.75,0.0
40,No,Travel_Rarely,Research & Development,24,2,Technical Degree,1,Male,3,2,Research Scientist,4,Divorced,3319,1,No,17,3,1,2,9,3,3,9,8,4,7,1.0,0.4444444444444444,368.77777777777777,2.25,0.8888888888888888
45,No,Travel_Rarely,Research & Development,1,3,Other,3,Male,4,5,Manager,4,Married,19202,0,No,11,3,3,1,25,2,3,24,0,1,7,0.96,0.041666666666666664,768.08,3.25,0.0
31,No,Travel_Frequently,Research & Development,3,4,Medical,2,Male,3,3,Research Director,3,Divorced,13675,9,No,12,3,1,1,9,3,3,2,2,2,2,0.2222222222222222,1.0,1519.4444444444443,2.25,1.0
33,No,Travel_Rarely,Research & Development,5,4,Life Sciences,3,Female,2,1,Research Scientist,4,Married,2911,1,No,13,3,3,1,2,2,2,2,2,0,2,1.0,0.0,1455.5,3.0,1.0
34,No,Travel_Rarely,Research & Development,2,4,Life Sciences,4,Male,2,2,Manufacturing Director,1,Married,5957,6,No,13,3,2,1,13,3,3,11,9,5,9,0.8461538461538461,0.45454545454545453,458.2307692307692,2.5,0.8181818181818182
37,No,Travel_Rarely,Research & Development,1,2,Medical,3,Female,2,1,Research Scientist,1,Married,3920,2,No,14,3,1,1,17,2,2,3,1,0,2,0.17647058823529413,0.0,230.58823529411765,1.75,0.3333333333333333
45,No,Travel_Frequently,Research & Development,7,4,Life Sciences,1,Male,4,2,Manufacturing Director,3,Married,6434,4,No,17,3,4,1,9,1,3,3,2,0,2,0.3333333333333333,0.0,714.8888888888889,2.75,0.6666666666666666
37,Yes,Travel_Frequently,Research & Development,10,3,Medical,1,Male,3,3,Manufacturing Director,3,Divorced,10048,6,No,11,3,2,2,17,5,3,1,0,0,0,0.058823529411764705,0.0,591.0588235294117,2.25,0.0
39,No,Travel_Frequently,Research & Development,2,4,Technical Degree,3,Female,3,3,Healthcare Representative,3,Single,10938,0,No,25,4,4,0,20,1,3,19,6,11,8,0.95,0.5789473684210527,546.9,3.25,0.3157894736842105
29,No,Travel_Rarely,Research & Development,15,3,Life Sciences,3,Male,3,1,Research Scientist,4,Single,2340,1,No,19,3,1,0,6,1,3,6,5,1,5,1.0,0.16666666666666666,390.0,2.75,0.8333333333333334
42,No,Travel_Rarely,Research & Development,17,2,Life Sciences,4,Female,4,2,Research Scientist,1,Single,6545,3,Yes,13,3,3,0,10,1,3,3,2,0,2,0.3,0.0,654.5,2.75,0.6666666666666666
29,No,Travel_Rarely,Sales,20,2,Marketing,4,Male,3,2,Sales Executive,4,Divorced,6931,2,No,14,3,4,1,10,2,3,3,2,0,2,0.3,0.0,693.1,3.75,0.6666666666666666
25,No,Travel_Rarely,Research & Development,1,3,Life Sciences,1,Female,3,2,Manufacturing Director,3,Married,4898,0,No,12,3,4,2,5,3,3,4,2,1,2,0.8,0.25,979.6,2.75,0.5
42,No,Travel_Rarely,Research & Development,2,3,Medical,4,Female,2,1,Laboratory Technician,1,Divorced,2593,0,Yes,11,3,3,1,10,4,3,9,6,7,8,0.9,0.7777777777777778,259.3,2.75,0.6666666666666666
40,No,Travel_Rarely,Research & Development,2,2,Medical,1,Male,3,5,Research Director,3,Divorced,19436,0,No,19,3,4,1,22,5,3,21,7,3,9,0.9545454545454546,0.14285714285714285,883.4545454545455,2.75,0.3333333333333333
51,No,Travel_Rarely,Research & Development,1,3,Life Sciences,3,Male,3,1,Research Scientist,4,Married,2723,1,No,11,3,2,0,1,0,2,1,0,0,0,1.0,0.0,2723.0,2.75,0.0
31,Yes,Travel_Frequently,Research & Development,29,2,Medical,3,Male,2,1,Laboratory Technician,2,Single,3479,0,No,11,3,2,0,6,2,4,5,4,1,4,0.8333333333333334,0.2,579.8333333333334,2.75,0.8
32,No,Travel_Frequently,Research & Development,7,3,Life Sciences,2,Male,4,1,Laboratory Technician,2,Married,2794,1,No,20,4,3,0,5,3,1,5,1,0,3,1.0,0.0,558.8,2.0,0.2
38,No,Non-Travel,Sales,2,2,Life Sciences,4,Male,2,2,Sales Executive,4,Married,5249,3,No,18,3,4,1,13,0,3,8,7,7,5,0.6153846153846154,0.875,403.7692307692308,3.75,0.875
32,No,Travel_Rarely,Research & Development,2,1,Technical Degree,4,Male,2,2,Laboratory Technician,1,Single,2176,4,No,13,3,4,0,9,5,3,6,2,0,4,0.6666666666666666,0.0,241.77777777777777,3.0,0.3333333333333333
46,No,Travel_Rarely,Sales,2,3,Technical Degree,3,Female,1,4,Manager,2,Married,16872,3,Yes,12,3,2,1,28,2,2,7,7,7,7,0.25,1.0,602.5714285714286,2.25,1.0
28,Yes,Travel_Rarely,Research & Development,2,4,Life Sciences,1,Male,3,1,Laboratory Technician,3,Single,3485,2,No,11,3,3,0,5,5,1,0,0,0,0,0.0,0.0,697.0,2.0,0.0
29,No,Travel_Rarely,Sales,2,3,Medical,1,Male,2,2,Sales Executive,2,Married,6644,2,No,19,3,2,2,10,2,3,0,0,0,0,0.0,0.0,664.4,2.0,0.0
31,No,Travel_Rarely,Research & Development,23,3,Medical,2,Male,2,2,Healthcare Representative,4,Married,5582,0,No,21,4,2,1,10,2,3,9,0,7,8,0.9,0.7777777777777778,558.2,2.75,0.0
25,No,Non-Travel,Research & Development,5,2,Life Sciences,2,Male,4,2,Healthcare Representative,1,Divorced,4000,1,No,12,3,4,2,6,2,3,6,3,1,5,1.0,0.16666666666666666,666.6666666666666,2.5,0.5
45,No,Travel_Rarely,Research & Development,20,2,Medical,3,Male,3,4,Healthcare Representative,4,Married,13496,0,Yes,14,3,2,0,21,2,3,20,7,4,10,0.9523809523809523,0.2,642.6666666666666,3.0,0.35
36,No,Travel_Rarely,Research & Development,6,3,Life Sciences,4,Male,3,1,Laboratory Technician,4,Married,3210,0,No,11,3,3,1,16,4,3,15,13,10,11,0.9375,0.6666666666666666,200.625,3.5,0.8666666666666667
55,No,Travel_Rarely,Research & Development,1,3,Medical,4,Male,3,5,Manager,1,Single,19045,0,Yes,14,3,3,0,37,2,3,36,10,4,13,0.972972972972973,0.1111111111111111,514.7297297297297,2.75,0.2777777777777778
47,Yes,Non-Travel,Research & Development,29,4,Life Sciences,1,Male,3,3,Manager,2,Married,11849,1,Yes,12,3,4,1,10,2,2,10,7,9,9,1.0,0.9,1184.9,2.25,0.7
28,No,Travel_Rarely,Research & Development,9,3,Medical,4,Male,3,1,Research Scientist,4,Married,2070,1,No,23,4,4,1,5,3,2,5,2,0,4,1.0,0.0,414.0,3.5,0.4
37,No,Travel_Rarely,Sales,6,4,Medical,3,Male,3,2,Sales Executive,4,Married,6502,4,No,14,3,2,1,7,5,4,5,4,0,1,0.7142857142857143,0.0,928.8571428571429,3.25,0.8
21,No,Travel_Rarely,Research & Development,3,2,Medical,4,Male,2,1,Research Scientist,3,Single,3230,1,No,17,3,1,0,3,4,4,3,2,1,0,1.0,0.3333333333333333,1076.6666666666667,3.0,0.6666666666666666
37,No,Non-Travel,Research & Development,1,4,Medical,1,Female,3,3,Research Director,4,Divorced,13603,2,Yes,18,3,1,2,15,2,3,5,2,0,2,0.3333333333333333,0.0,906.8666666666667,2.25,0.4
35,No,Travel_Rarely,Research & Development,22,3,Life Sciences,2,Female,4,3,Manager,2,Divorced,11996,7,No,18,3,2,1,10,6,2,7,7,6,2,0.7,0.8571428571428571,1199.6,2.0,1.0
38,No,Travel_Rarely,Sales,7,2,Medical,1,Female,4,2,Sales Executive,1,Divorced,5605,1,Yes,24,4,3,1,8,3,3,8,0,7,7,1.0,0.875,700.625,2.0,0.0
26,No,Travel_Frequently,Research & Development,1,3,Life Sciences,3,Female,3,2,Manufacturing Director,2,Divorced,6397,1,No,20,4,1,1,6,6,1,6,5,1,4,1.0,0.16666666666666666,1066.1666666666667,1.75,0.8333333333333334
50,No,Travel_Rarely,Research & Development,4,1,Life Sciences,1,Male,3,5,Research Director,2,Divorced,19144,3,No,14,3,1,2,28,4,2,10,4,1,6,0.35714285714285715,0.1,683.7142857142857,1.5,0.4
53,No,Travel_Rarely,Research & Development,3,4,Medical,3,Male,3,4,Research Director,3,Married,17584,3,Yes,16,3,4,3,21,5,2,5,3,1,3,0.23809523809523808,0.2,837.3333333333334,3.0,0.6
42,No,Travel_Rarely,Sales,1,1,Life Sciences,2,Male,3,2,Sales Executive,3,Married,4907,1,No,25,4,3,0,20,3,3,20,16,11,6,1.0,0.55,245.35,2.75,0.8
29,No,Travel_Frequently,Sales,2,2,Life Sciences,2,Male,3,2,Sales Executive,4,Single,4554,1,No,18,3,1,0,10,3,2,10,7,0,9,1.0,0.0,455.4,2.25,0.7
55,No,Travel_Rarely,Research & Development,20,2,Technical Degree,2,Male,3,2,Laboratory Technician,4,Married,5415,3,Yes,19,3,4,1,12,4,3,10,7,0,8,0.8333333333333334,0.0,451.25,3.25,0.7
26,No,Travel_Frequently,Research & Development,11,2,Medical,1,Male,3,2,Healthcare Representative,1,Married,4741,1,Yes,13,3,3,1,5,3,3,5,3,3,3,1.0,0.6,948.2,2.0,0.6
37,No,Travel_Rarely,Research & Development,1,3,Life Sciences,4,Female,3,1,Research Scientist,4,Single,2115,1,No,12,3,2,0,17,3,3,17,12,5,7,1.0,0.29411764705882354,124.41176470588235,3.25,0.7058823529411765
44,Yes,Travel_Frequently,Research & Development,24,3,Life Sciences,4,Male,3,1,Laboratory Technician,3,Divorced,3161,3,Yes,22,4,4,1,19,0,1,1,0,0,0,0.05263157894736842,0.0,166.3684210526316,3.0,0.0
38,No,Travel_Rarely,Research & Development,23,4,Life Sciences,4,Male,3,2,Healthcare Representative,4,Divorced,5745,9,No,14,3,2,1,10,2,3,2,2,1,2,0.2,0.5,574.5,3.25,1.0
26,Yes,Travel_Rarely,Research & Development,16,4,Medical,1,Male,3,1,Laboratory Technician,2,Divorced,2373,2,Yes,13,3,4,1,5,2,3,3,2,0,2,0.6,0.0,474.6,2.5,0.6666666666666666
28,No,Travel_Rarely,Research & Development,8,2,Life Sciences,4,Female,3,1,Research Scientist,4,Single,3310,1,No,21,4,4,0,5,3,3,5,3,0,2,1.0,0.0,662.0,3.75,0.6
49,No,Travel_Frequently,Research & Development,10,4,Life Sciences,3,Female,3,5,Research Director,1,Single,18665,9,Yes,11,3,4,0,22,4,3,3,2,1,2,0.13636363636363635,0.3333333333333333,848.4090909090909,2.75,0.6666666666666666
36,No,Travel_Rarely,Research & Development,3,3,Technical Degree,3,Male,3,2,Research Scientist,2,Single,4485,4,No,12,3,4,0,10,2,3,8,0,7,7,0.8,0.875,448.5,3.0,0.0
31,No,Travel_Frequently,Sales,5,3,Marketing,4,Female,3,1,Sales Representative,2,Divorced,2789,1,No,11,3,3,1,2,5,2,2,2,2,2,1.0,1.0,1394.5,2.75,1.0
26,Yes,Travel_Rarely,Sales,4,4,Marketing,4,Male,2,2,Sales Executive,4,Single,5828,1,Yes,12,3,2,0,8,0,3,8,7,7,4,1.0,0.875,728.5,3.25,0.875
37,No,Travel_Frequently,Research & Development,9,3,Medical,2,Male,3,1,Research Scientist,4,Married,2326,1,Yes,12,3,3,3,4,3,2,4,2,1,2,1.0,0.25,581.5,2.75,0.5
42,No,Travel_Frequently,Sales,26,3,Marketing,3,Female,3,4,Sales Executive,2,Married,13525,5,No,14,3,4,1,23,2,4,20,4,4,8,0.8695652173913043,0.2,588.0434782608696,3.25,0.2
18,Yes,Travel_Rarely,Research & Development,3,3,Life Sciences,3,Male,3,1,Laboratory Technician,3,Single,1420,1,No,13,3,3,0,0,2,3,0,0,0,0,0.0,0.0,1420.0,3.0,0.0
35,No,Travel_Rarely,Sales,16,3,Marketing,3,Male,3,3,Sales Executive,2,Married,8020,0,No,15,3,3,2,12,3,2,11,9,6,9,0.9166666666666666,0.5454545454545454,668.3333333333334,2.5,0.8181818181818182
36,No,Travel_Frequently,Research & Development,18,4,Life Sciences,3,Male,4,1,Laboratory Technician,4,Married,3688,4,No,18,3,4,2,4,2,3,1,0,0,0,0.25,0.0,922.0,3.5,0.0
51,No,Travel_Rarely,Research & Development,2,3,Medical,4,Male,1,2,Manufacturing Director,2,Divorced,5482,5,No,18,3,4,1,13,3,3,4,1,1,2,0.3076923076923077,0.25,421.6923076923077,3.25,0.25
41,No,Travel_Rarely,Sales,2,4,Life Sciences,4,Male,3,4,Manager,2,Single,16015,1,No,19,3,2,0,22,2,3,22,10,0,4,1.0,0.0,727.9545454545455,2.75,0.45454545454545453
18,No,Travel_Rarely,Sales,10,3,Medical,4,Female,2,1,Sales Representative,3,Single,1200,1,No,12,3,1,0,0,2,3,0,0,0,0,0.0,0.0,1200.0,2.75,0.0
28,No,Travel_Rarely,Research & Development,16,2,Medical,2,Male,4,2,Healthcare Representative,1,Single,5661,0,No,19,3,3,0,9,2,3,8,3,0,7,0.8888888888888888,0.0,629.0,2.25,0.375
31,No,Travel_Rarely,Sales,7,3,Technical Degree,2,Male,4,2,Sales Executive,4,Married,6929,4,No,11,3,2,1,10,3,2,8,7,7,7,0.8,0.875,692.9,2.5,0.875
39,No,Travel_Rarely,Research & Development,1,3,Medical,3,Male,4,3,Healthcare Representative,4,Divorced,9613,0,No,17,3,1,3,19,5,2,18,10,3,7,0.9473684210526315,0.16666666666666666,505.94736842105266,2.5,0.5555555555555556
36,No,Non-Travel,Research & Development,24,4,Life Sciences,2,Female,3,2,Laboratory Technician,2,Married,5674,7,No,15,3,3,1,11,3,3,9,8,0,8,0.8181818181818182,0.0,515.8181818181819,2.5,0.8888888888888888
32,No,Travel_Rarely,Sales,7,3,Life Sciences,4,Male,2,2,Sales Executive,3,Married,5484,1,No,14,3,3,1,13,3,2,13,8,4,8,1.0,0.3076923076923077,421.84615384615387,3.0,0.6153846153846154
38,No,Travel_Rarely,Research & Development,25,2,Life Sciences,1,Female,2,3,Research Director,2,Married,12061,3,No,17,3,3,1,19,2,3,10,8,0,1,0.5263157894736842,0.0,634.7894736842105,2.25,0.8
58,No,Non-Travel,Research & Development,1,4,Life Sciences,4,Male,1,2,Healthcare Representative,3,Divorced,5660,2,Yes,13,3,4,1,12,2,3,5,3,1,2,0.4166666666666667,0.2,471.6666666666667,3.5,0.6
31,No,Travel_Rarely,Research & Development,5,4,Technical Degree,3,Male,3,1,Research Scientist,4,Married,4821,0,Yes,12,3,3,1,6,4,3,5,2,0,3,0.8333333333333334,0.0,803.5,3.25,0.4
31,No,Travel_Rarely,Human Resources,2,3,Human Resources,1,Male,2,2,Human Resources,1,Married,6410,3,No,12,3,4,0,9,1,3,2,2,1,0,0.2222222222222222,0.5,712.2222222222222,2.25,1.0
45,No,Travel_Frequently,Research & Development,7,3,Life Sciences,1,Male,3,3,Laboratory Technician,1,Divorced,5210,1,No,18,3,1,1,24,2,3,24,9,9,11,1.0,0.375,217.08333333333334,1.5,0.375
31,No,Travel_Rarely,Research & Development,2,4,Life Sciences,3,Male,3,1,Research Scientist,4,Divorced,2695,0,Yes,18,3,2,1,3,2,1,2,2,2,2,0.6666666666666666,1.0,898.3333333333334,2.5,1.0
33,No,Travel_Frequently,Research & Development,5,4,Life Sciences,4,Female,3,3,Manager,2,Married,11878,6,No,11,3,2,2,12,2,3,10,6,8,8,0.8333333333333334,0.8,989.8333333333334,2.75,0.6
39,No,Travel_Rarely,Research & Development,10,1,Medical,3,Male,3,4,Manager,1,Married,17068,1,Yes,14,3,4,0,21,3,3,21,9,11,10,1.0,0.5238095238095238,812.7619047619048,2.75,0.42857142857142855
43,No,Travel_Frequently,Research & Development,10,4,Life Sciences,3,Female,3,1,Laboratory Technician,4,Single,2455,0,No,19,3,1,0,9,5,3,8,7,1,7,0.8888888888888888,0.125,272.77777777777777,2.75,0.875
49,No,Travel_Rarely,Research & Development,1,2,Technical Degree,3,Female,2,4,Healthcare Representative,3,Single,13964,7,Yes,12,3,4,0,25,2,3,7,1,0,7,0.28,0.0,558.56,3.25,0.14285714285714285
52,Yes,Travel_Rarely,Research & Development,8,4,Medical,3,Male,2,2,Research Scientist,2,Married,4941,2,No,15,3,1,0,11,3,2,8,2,7,7,0.7272727272727273,0.875,449.1818181818182,2.0,0.25
27,No,Travel_Rarely,Research & Development,5,3,Life Sciences,3,Female,3,1,Research Scientist,2,Single,2478,1,Yes,12,3,2,0,4,2,2,4,3,1,2,1.0,0.25,619.5,2.25,0.75
32,No,Travel_Rarely,Sales,8,2,Technical Degree,3,Female,2,2,Sales Executive,2,Married,5228,1,Yes,11,3,4,0,13,2,3,13,12,11,9,1.0,0.8461538461538461,402.15384615384613,3.0,0.9230769230769231
27,No,Travel_Rarely,Sales,2,3,Life Sciences,4,Male,3,2,Sales Executive,3,Single,4478,1,Yes,11,3,1,0,5,3,3,5,4,0,4,1.0,0.0,895.6,2.75,0.8
31,No,Travel_Rarely,Sales,7,3,Marketing,4,Male,3,2,Sales Executive,4,Divorced,7547,4,No,12,3,4,3,13,3,3,7,7,1,7,0.5384615384615384,0.14285714285714285,580.5384615384615,3.75,1.0
32,No,Travel_Rarely,Research & Development,2,4,Medical,1,Female,4,2,Research Scientist,4,Single,5055,7,No,16,3,3,0,10,0,2,7,7,0,7,0.7,0.0,505.5,2.5,1.0
28,Yes,Travel_Rarely,Research & Development,2,4,Medical,1,Male,1,1,Research Scientist,4,Married,3464,5,Yes,13,3,4,0,5,4,2,3,2,2,2,0.6,0.6666666666666666,692.8,2.75,0.6666666666666666
30,No,Travel_Rarely,Research & Development,28,2,Medical,4,Female,3,2,Research Scientist,4,Married,5775,1,No,13,3,4,2,11,2,3,10,8,1,9,0.9090909090909091,0.1,525.0,3.75,0.8
31,No,Travel_Frequently,Research & Development,7,2,Life Sciences,3,Female,2,3,Manufacturing Director,3,Married,8943,1,No,24,4,1,1,10,2,3,10,9,8,9,1.0,0.8,894.3,2.5,0.9
39,No,Travel_Frequently,Research & Development,7,2,Medical,3,Male,2,5,Manager,4,Married,19272,1,No,15,3,1,1,21,2,3,21,9,13,3,1.0,0.6190476190476191,917.7142857142857,2.75,0.42857142857142855
39,Yes,Travel_Rarely,Sales,3,2,Medical,4,Female,3,2,Sales Executive,3,Married,5238,4,Yes,18,3,1,0,12,3,2,1,0,0,0,0.08333333333333333,0.0,436.5,2.5,0.0
33,No,Travel_Frequently,Sales,10,3,Marketing,2,Male,2,2,Sales Executive,4,Single,4682,3,No,14,3,3,0,9,6,2,7,7,0,1,0.7777777777777778,0.0,520.2222222222222,2.75,1.0
47,No,Travel_Rarely,Research & Development,5,5,Life Sciences,4,Male,3,5,Research Director,3,Married,18300,4,No,11,3,2,1,21,2,3,3,2,1,1,0.14285714285714285,0.3333333333333333,871.4285714285714,3.0,0.6666666666666666
43,No,Travel_Frequently,Research & Development,10,4,Life Sciences,3,Female,2,2,Laboratory Technician,3,Divorced,5257,1,No,11,3,2,1,9,3,4,9,7,0,0,1.0,0.0,584.1111111111111,3.0,0.7777777777777778
27,No,Non-Travel,Sales,1,1,Marketing,3,Male,3,2,Sales Executive,2,Married,6349,0,Yes,13,3,4,1,6,0,3,5,4,1,4,0.8333333333333334,0.2,1058.1666666666667,3.0,0.8
54,No,Travel_Frequently,Research & Development,20,4,Life Sciences,4,Female,3,2,Research Scientist,3,Single,4869,3,No,12,3,4,0,20,4,2,4,3,0,3,0.2,0.0,243.45,3.25,0.75
43,No,Travel_Rarely,Research & Development,7,3,Life Sciences,3,Female,3,3,Healthcare Representative,1,Married,9985,8,No,16,3,1,1,10,1,2,1,0,0,0,0.1,0.0,998.5,1.75,0.0
45,No,Travel_Rarely,Research & Development,8,4,Other,4,Male,3,2,Research Scientist,4,Married,3697,9,No,14,3,1,2,12,3,3,10,9,9,8,0.8333333333333334,0.9,308.0833333333333,3.0,0.9
40,No,Travel_Rarely,Sales,1,2,Medical,2,Male,1,2,Sales Executive,4,Married,7457,2,Yes,22,4,3,3,6,2,2,4,3,0,2,0.6666666666666666,0.0,1242.8333333333333,2.75,0.75
29,Yes,Travel_Rarely,Research & Development,8,4,Other,2,Male,1,1,Laboratory Technician,1,Married,2119,1,Yes,11,3,4,0,7,4,2,7,7,0,7,1.0,0.0,302.7142857142857,2.25,1.0
29,No,Travel_Rarely,Research & Development,9,5,Other,2,Male,2,1,Laboratory Technician,4,Single,3983,0,No,17,3,3,0,4,2,3,3,2,2,2,0.75,0.6666666666666666,995.75,3.0,0.6666666666666666
30,No,Travel_Rarely,Sales,5,3,Marketing,4,Female,2,2,Sales Executive,3,Divorced,6118,1,No,13,3,3,3,10,2,3,10,9,1,2,1.0,0.1,611.8,3.25,0.9
27,No,Travel_Rarely,Sales,8,4,Marketing,2,Female,3,2,Sales Executive,2,Married,6214,1,No,18,3,1,1,8,3,3,8,7,0,7,1.0,0.0,776.75,2.0,0.875
37,No,Travel_Rarely,Research & Development,5,2,Medical,4,Male,3,2,Manufacturing Director,4,Divorced,6347,7,No,16,3,3,2,8,2,2,6,2,0,4,0.75,0.0,793.375,3.25,0.3333333333333333
38,No,Travel_Rarely,Research & Development,15,2,Life Sciences,3,Male,2,3,Research Director,4,Divorced,11510,0,Yes,14,3,2,1,12,3,3,11,10,2,9,0.9166666666666666,0.18181818181818182,959.1666666666666,3.0,0.9090909090909091
31,No,Travel_Rarely,Research & Development,7,4,Medical,3,Female,3,3,Manufacturing Director,4,Single,7143,1,Yes,14,3,3,0,11,2,2,11,9,4,10,1.0,0.36363636363636365,649.3636363636364,3.0,0.8181818181818182
29,No,Travel_Rarely,Sales,10,1,Marketing,4,Female,2,2,Sales Executive,2,Divorced,8268,1,Yes,14,3,1,2,7,2,3,7,7,1,7,1.0,0.14285714285714285,1181.142857142857,2.5,1.0
35,No,Travel_Rarely,Research & Development,5,4,Technical Degree,3,Male,3,3,Manufacturing Director,2,Single,8095,0,No,13,3,4,0,17,5,3,16,6,0,13,0.9411764705882353,0.0,476.1764705882353,3.0,0.375
23,No,Travel_Rarely,Research & Development,26,1,Life Sciences,3,Male,3,1,Research Scientist,4,Divorced,2904,1,No,12,3,3,2,4,2,2,4,2,0,2,1.0,0.0,726.0,3.0,0.5
41,No,Travel_Rarely,Research & Development,6,3,Medical,4,Male,2,2,Manufacturing Director,2,Single,6032,6,Yes,15,3,4,0,8,3,3,5,4,1,2,0.625,0.2,754.0,3.25,0.8
47,No,Travel_Frequently,Sales,4,1,Medical,2,Male,3,2,Sales Representative,3,Single,2976,3,No,19,3,1,0,5,3,3,0,0,0,0,0.0,0.0,595.2,2.25,0.0
42,No,Travel_Rarely,Research & Development,23,5,Life Sciences,1,Female,3,4,Research Director,4,Single,15992,2,No,14,3,2,0,16,2,3,1,0,0,0,0.0625,0.0,999.5,2.5,0.0
29,No,Non-Travel,Sales,2,3,Life Sciences,4,Male,3,2,Sales Executive,3,Married,4649,1,No,14,3,1,1,4,3,2,4,3,0,2,1.0,0.0,1162.25,2.5,0.75
42,No,Travel_Rarely,Human Resources,2,1,Technical Degree,3,Male,3,1,Human Resources,3,Divorced,2696,0,Yes,11,3,3,1,4,5,3,3,2,1,0,0.75,0.3333333333333333,674.0,3.0,0.6666666666666666
32,No,Travel_Rarely,Research & Development,2,3,Medical,3,Female,3,1,Laboratory Technician,2,Married,2370,1,No,13,3,3,1,8,4,3,8,0,0,7,1.0,0.0,296.25,2.75,0.0
48,No,Travel_Rarely,Sales,29,1,Medical,1,Female,3,3,Manager,3,Married,12504,3,No,21,4,2,1,15,3,1,0,0,0,0,0.0,0.0,833.6,1.75,0.0
37,No,Travel_Rarely,Research & Development,6,3,Medical,3,Male,4,2,Research Scientist,1,Divorced,5974,4,Yes,13,3,1,2,13,2,3,7,7,6,7,0.5384615384615384,0.8571428571428571,459.53846153846155,2.0,1.0
30,No,Non-Travel,Sales,25,2,Technical Degree,4,Female,3,2,Sales Executive,3,Married,4736,7,Yes,12,3,2,1,4,2,4,2,2,2,2,0.5,1.0,1184.0,3.25,1.0
26,No,Travel_Rarely,Sales,1,3,Life Sciences,3,Male,3,2,Sales Executive,3,Married,5296,1,No,17,3,2,1,8,3,3,8,7,7,7,1.0,0.875,662.0,2.75,0.875
42,No,Travel_Rarely,Research & Development,2,4,Other,1,Male,2,2,Healthcare Representative,4,Single,6781,3,No,23,4,2,0,14,6,3,1,0,0,0,0.07142857142857142,0.0,484.35714285714283,2.5,0.0
21,Yes,Travel_Frequently,Sales,1,1,Technical Degree,1,Female,2,1,Sales Representative,2,Single,2174,1,Yes,11,3,3,0,3,3,3,3,2,1,2,1.0,0.3333333333333333,724.6666666666666,2.25,0.6666666666666666
36,No,Non-Travel,Sales,1,5,Medical,4,Female,3,2,Sales Executive,4,Single,6653,4,No,15,3,2,0,7,6,3,1,0,0,0,0.14285714285714285,0.0,950.4285714285714,3.25,0.0
36,No,Travel_Frequently,Sales,3,4,Medical,1,Male,2,3,Sales Executive,4,Married,9699,4,No,11,3,1,1,16,2,3,13,9,1,12,0.8125,0.07692307692307693,606.1875,2.25,0.6923076923076923
57,No,Travel_Rarely,Research & Development,1,4,Medical,4,Male,3,2,Healthcare Representative,3,Married,6755,2,No,11,3,3,0,15,2,3,3,2,1,2,0.2,0.3333333333333333,450.3333333333333,3.25,0.6666666666666666
40,No,Travel_Rarely,Research & Development,10,4,Life Sciences,4,Female,4,1,Laboratory Technician,3,Married,2213,3,Yes,13,3,3,1,10,3,3,7,7,1,7,0.7,0.14285714285714285,221.3,3.25,1.0
21,No,Non-Travel,Sales,9,2,Medical,1,Male,3,1,Sales Representative,4,Single,2610,1,No,24,4,3,0,3,3,2,3,2,2,2,1.0,0.6666666666666666,870.0,2.5,0.6666666666666666
33,Yes,Travel_Rarely,Sales,5,3,Marketing,4,Female,3,1,Sales Representative,3,Single,2851,1,Yes,13,3,2,0,1,2,3,1,0,0,0,1.0,0.0,2851.0,3.0,0.0
37,No,Travel_Rarely,Research & Development,10,3,Medical,3,Female,3,1,Laboratory Technician,1,Married,3452,6,No,20,4,2,1,17,3,3,5,4,0,3,0.29411764705882354,0.0,203.05882352941177,2.25,0.8
46,No,Non-Travel,Research & Development,7,4,Medical,3,Female,3,2,Manufacturing Director,3,Married,5258,2,No,14,3,3,0,7,2,4,1,0,0,0,0.14285714285714285,0.0,751.1428571428571,3.25,0.0
41,Yes,Travel_Frequently,Sales,4,3,Marketing,1,Male,3,2,Sales Executive,2,Single,9355,1,No,18,3,3,0,8,5,3,8,7,7,7,1.0,0.875,1169.375,2.25,0.875
50,No,Travel_Rarely,Research & Development,10,3,Technical Degree,4,Male,2,3,Healthcare Representative,4,Single,10496,6,No,15,3,4,0,20,2,3,4,3,1,3,0.2,0.25,524.8,3.75,0.75
40,Yes,Travel_Rarely,Sales,22,2,Marketing,3,Male,2,2,Sales Executive,3,Married,6380,2,Yes,12,3,1,2,8,6,3,6,4,1,0,0.75,0.16666666666666666,797.5,2.5,0.6666666666666666
31,No,Travel_Rarely,Research & Development,9,4,Life Sciences,3,Male,2,1,Research Scientist,2,Single,2657,0,Yes,16,3,4,0,3,5,3,2,2,2,2,0.6666666666666666,1.0,885.6666666666666,3.0,1.0
21,Yes,Travel_Rarely,Sales,12,3,Life Sciences,3,Female,4,1,Sales Representative,2,Single,2716,1,No,15,3,4,0,1,0,3,1,0,0,0,1.0,0.0,2716.0,3.0,0.0
29,No,Travel_Rarely,Research & Development,23,3,Life Sciences,4,Male,3,1,Research Scientist,4,Single,2201,9,No,16,3,4,0,6,4,3,3,2,1,2,0.5,0.3333333333333333,366.8333333333333,3.75,0.6666666666666666
35,No,Travel_Rarely,Research & Development,9,4,Life Sciences,3,Male,2,2,Healthcare Representative,2,Single,6540,9,No,19,3,3,0,10,5,3,1,1,0,0,0.1,0.0,654.0,2.75,1.0
27,No,Travel_Rarely,Research & Development,1,2,Medical,4,Male,3,1,Laboratory Technician,2,Divorced,3816,1,No,11,3,2,1,5,2,3,5,2,0,4,1.0,0.0,763.2,2.75,0.4
28,No,Travel_Rarely,Sales,9,4,Life Sciences,2,Male,3,2,Sales Executive,4,Single,5253,1,No,16,3,4,0,7,1,3,7,5,0,7,1.0,0.0,750.4285714285714,3.25,0.7142857142857143
49,No,Travel_Rarely,Research & Development,7,3,Other,2,Male,2,3,Healthcare Representative,3,Single,10965,8,No,24,4,3,0,26,2,3,5,2,0,0,0.19230769230769232,0.0,421.7307692307692,2.75,0.4
51,No,Travel_Rarely,Sales,14,2,Life Sciences,3,Female,3,2,Sales Executive,4,Married,4936,4,No,11,3,3,1,18,2,2,7,7,0,7,0.3888888888888889,0.0,274.22222222222223,3.0,1.0
36,No,Travel_Rarely,Research & Development,2,3,Life Sciences,4,Female,3,1,Research Scientist,3,Married,2543,4,No,13,3,2,1,6,3,3,2,2,2,2,0.3333333333333333,1.0,423.8333333333333,3.0,1.0
34,Yes,Non-Travel,Sales,19,3,Marketing,1,Male,4,2,Sales Executive,4,Single,5304,8,Yes,13,3,2,0,9,3,2,5,2,0,4,0.5555555555555556,0.0,589.3333333333334,2.25,0.4
55,No,Travel_Rarely,Research & Development,2,3,Life Sciences,3,Female,3,4,Manager,4,Single,16659,2,Yes,13,3,3,0,30,2,3,5,4,1,2,0.16666666666666666,0.2,555.3,3.25,0.8
24,No,Travel_Rarely,Sales,10,4,Marketing,4,Female,3,2,Sales Executive,3,Divorced,4260,1,Yes,12,3,4,1,5,2,4,5,2,0,3,1.0,0.0,852.0,3.75,0.4
30,No,Travel_Rarely,Sales,2,1,Technical Degree,3,Male,3,1,Sales Representative,2,Married,2476,1,No,18,3,1,1,1,3,3,1,0,0,0,1.0,0.0,2476.0,2.25,0.0
26,Yes,Travel_Frequently,Research & Development,3,1,Technical Degree,3,Male,3,1,Research Scientist,1,Single,3102,0,No,22,4,3,0,7,2,3,6,4,0,4,0.8571428571428571,0.0,443.14285714285717,2.5,0.6666666666666666
22,No,Travel_Rarely,Research & Development,11,3,Medical,1,Female,3,1,Research Scientist,2,Married,2244,1,No,13,3,4,1,2,1,3,2,1,1,2,1.0,0.5,1122.0,2.5,0.5
36,No,Travel_Rarely,Sales,2,2,Medical,2,Male,2,3,Sales Executive,3,Married,7596,1,No,13,3,2,2,10,2,3,10,9,9,0,1.0,0.9,759.6,2.5,0.9
30,Yes,Travel_Frequently,Research & Development,4,3,Technical Degree,3,Male,3,1,Research Scientist,4,Single,2285,9,Yes,23,4,3,0,3,4,3,1,0,0,0,0.3333333333333333,0.0,761.6666666666666,3.25,0.0
37,No,Travel_Rarely,Research & Development,14,3,Life Sciences,4,Female,3,1,Laboratory Technician,1,Divorced,3034,1,No,12,3,3,1,18,2,2,18,7,12,17,1.0,0.6666666666666666,168.55555555555554,2.5,0.3888888888888889
40,No,Travel_Rarely,Sales,2,2,Marketing,4,Female,3,2,Sales Executive,2,Divorced,5715,7,No,12,3,3,2,8,5,3,5,4,1,3,0.625,0.2,714.375,3.0,0.8
42,No,Travel_Rarely,Research & Development,1,4,Life Sciences,2,Female,3,1,Laboratory Technician,1,Divorced,2576,3,No,16,3,2,1,8,5,3,5,2,1,2,0.625,0.2,322.0,2.0,0.4
37,No,Travel_Rarely,Research & Development,10,4,Life Sciences,3,Male,3,2,Manufacturing Director,2,Single,4197,2,Yes,12,3,4,0,18,2,2,1,0,0,1,0.05555555555555555,0.0,233.16666666666666,2.75,0.0
43,No,Travel_Rarely,Research & Development,12,3,Life Sciences,1,Male,2,4,Research Director,2,Divorced,14336,1,No,11,3,3,1,25,3,3,25,10,3,9,1.0,0.12,573.44,2.25,0.4
40,No,Travel_Rarely,Research & Development,2,3,Medical,2,Female,2,2,Laboratory Technician,3,Married,3448,6,No,22,4,2,1,20,3,3,1,0,0,0,0.05,0.0,172.4,2.5,0.0
54,No,Travel_Rarely,Research & Development,5,2,Medical,1,Male,3,5,Research Director,1,Married,19406,4,No,11,3,3,1,24,4,2,4,2,1,2,0.16666666666666666,0.25,808.5833333333334,1.75,0.5
34,No,Non-Travel,Sales,4,4,Marketing,3,Female,3,2,Sales Executive,3,Married,6538,9,No,15,3,1,1,6,3,3,3,2,1,2,0.5,0.3333333333333333,1089.6666666666667,2.5,0.6666666666666666
31,No,Travel_Rarely,Research & Development,7,2,Medical,2,Female,3,2,Manufacturing Director,1,Married,4306,1,No,12,3,2,1,13,5,1,13,10,3,12,1.0,0.23076923076923078,331.2307692307692,1.5,0.7692307692307693
43,No,Travel_Frequently,Research & Development,21,3,Medical,4,Male,3,1,Laboratory Technician,4,Married,2258,7,No,20,4,1,1,8,1,3,3,2,1,2,0.375,0.3333333333333333,282.25,3.0,0.6666666666666666
43,No,Travel_Rarely,Research & Development,8,4,Other,3,Female,3,2,Healthcare Representative,3,Divorced,4522,4,Yes,14,3,4,0,8,3,3,5,2,0,2,0.625,0.0,565.25,3.25,0.4
25,No,Travel_Rarely,Sales,4,2,Life Sciences,2,Female,2,2,Sales Executive,4,Single,4487,1,Yes,11,3,2,0,5,3,3,5,4,1,3,1.0,0.2,897.4,2.75,0.8
37,No,Non-Travel,Research & Development,25,5,Medical,2,Female,3,2,Research Scientist,3,Married,4449,3,Yes,15,3,1,2,15,2,3,13,11,10,7,0.8666666666666667,0.7692307692307693,296.6,2.25,0.8461538461538461
31,No,Travel_Rarely,Research & Development,1,2,Life Sciences,4,Male,2,1,Laboratory Technician,1,Married,2218,1,No,12,3,3,1,4,3,3,4,2,3,2,1.0,0.75,554.5,2.75,0.5
39,No,Travel_Frequently,Research & Development,1,1,Life Sciences,2,Male,3,5,Manager,3,Divorced,19197,1,Yes,14,3,3,1,21,3,3,21,8,1,6,1.0,0.047619047619047616,914.1428571428571,2.75,0.38095238095238093
56,No,Travel_Frequently,Sales,6,3,Life Sciences,3,Female,4,4,Sales Executive,1,Married,13212,9,No,11,3,4,3,36,0,2,7,7,7,7,0.19444444444444445,1.0,367.0,2.5,1.0
30,No,Travel_Rarely,Sales,12,3,Technical Degree,2,Female,3,2,Sales Executive,3,Single,6577,0,No,11,3,2,0,6,6,3,5,4,4,4,0.8333333333333334,0.8,1096.1666666666667,2.5,0.8
41,No,Travel_Rarely,Sales,1,3,Marketing,2,Male,4,3,Sales Executive,1,Married,8392,1,No,16,3,3,1,10,2,3,10,7,0,7,1.0,0.0,839.2,2.25,0.7
28,No,Travel_Rarely,Research & Development,17,2,Medical,3,Male,3,2,Laboratory Technician,1,Divorced,4558,1,No,12,3,4,1,10,2,3,10,0,1,8,1.0,0.1,455.8,2.75,0.0
25,Yes,Travel_Rarely,Research & Development,3,3,Medical,1,Male,3,1,Laboratory Technician,1,Married,4031,5,No,13,3,3,1,6,5,3,2,2,0,2,0.3333333333333333,0.0,671.8333333333334,2.0,1.0
52,No,Travel_Rarely,Research & Development,3,3,Medical,4,Male,2,3,Manufacturing Director,3,Married,7969,2,Yes,14,3,3,0,28,4,3,5,4,0,4,0.17857142857142858,0.0,284.60714285714283,3.25,0.8
45,No,Travel_Rarely,Research & Development,10,2,Life Sciences,1,Male,3,1,Research Scientist,4,Married,2654,3,No,21,4,4,2,8,3,2,2,2,0,2,0.25,0.0,331.75,2.75,1.0
52,No,Travel_Rarely,Research & Development,4,2,Life Sciences,4,Female,3,4,Manager,4,Married,16555,2,No,13,3,4,0,31,2,1,5,2,1,4,0.16129032258064516,0.2,534.0322580645161,3.25,0.4
42,No,Travel_Frequently,Research & Development,29,2,Life Sciences,1,Female,3,2,Research Scientist,3,Divorced,4556,2,No,11,3,2,1,19,3,3,5,4,0,2,0.2631578947368421,0.0,239.78947368421052,2.25,0.8
30,No,Travel_Rarely,Research & Development,2,3,Life Sciences,3,Female,1,2,Manufacturing Director,4,Single,6091,2,No,20,4,3,0,11,2,3,5,4,0,2,0.45454545454545453,0.0,553.7272727272727,3.25,0.8
60,No,Travel_Rarely,Research & Development,7,3,Life Sciences,1,Female,3,5,Manager,1,Married,19566,5,No,11,3,4,0,33,5,1,29,8,11,10,0.8787878787878788,0.3793103448275862,592.9090909090909,1.75,0.27586206896551724
46,No,Travel_Rarely,Research & Development,18,3,Medical,3,Female,3,2,Manufacturing Director,3,Divorced,4810,2,No,14,3,3,1,19,5,2,10,7,0,8,0.5263157894736842,0.0,253.1578947368421,2.75,0.7
42,No,Travel_Frequently,Research & Development,28,4,Technical Degree,4,Female,2,2,Healthcare Representative,4,Married,4523,0,No,11,3,4,3,7,4,4,6,5,0,4,0.8571428571428571,0.0,646.1428571428571,4.0,0.8333333333333334
24,Yes,Travel_Rarely,Sales,1,1,Technical Degree,1,Female,3,1,Sales Representative,2,Single,3202,1,Yes,16,3,2,0,6,4,3,5,3,1,4,0.8333333333333334,0.2,533.6666666666666,2.0,0.6
34,Yes,Travel_Frequently,Sales,6,2,Marketing,4,Female,1,1,Sales Representative,3,Divorced,2351,0,No,16,3,4,1,3,3,2,2,2,1,0,0.6666666666666666,0.5,783.6666666666666,3.25,1.0
38,No,Travel_Frequently,Research & Development,2,2,Life Sciences,4,Male,3,1,Laboratory Technician,4,Married,1702,1,Yes,23,4,3,1,1,3,3,1,0,0,0,1.0,0.0,1702.0,3.5,0.0
40,No,Travel_Rarely,Sales,2,4,Life Sciences,3,Female,3,5,Manager,3,Married,18041,0,No,14,3,4,0,21,2,3,20,15,1,12,0.9523809523809523,0.05,859.0952380952381,3.25,0.75
26,No,Travel_Rarely,Research & Development,23,3,Life Sciences,1,Female,3,1,Research Scientist,4,Divorced,2886,1,No,22,4,2,2,3,3,1,3,2,0,2,1.0,0.0,962.0,2.0,0.6666666666666666
30,No,Non-Travel,Research & Development,3,3,Life Sciences,3,Male,3,1,Laboratory Technician,4,Married,2097,4,No,15,3,3,1,9,3,1,5,3,1,4,0.5555555555555556,0.2,233.0,2.75,0.6
29,No,Travel_Rarely,Research & Development,3,4,Medical,2,Male,2,3,Research Director,3,Married,11935,1,No,18,3,3,0,10,2,3,10,2,0,7,1.0,0.0,1193.5,2.75,0.2
29,Yes,Travel_Rarely,Research & Development,25,5,Technical Degree,3,Female,2,1,Research Scientist,2,Married,2546,5,No,16,3,2,0,6,2,4,2,2,1,1,0.3333333333333333,0.5,424.3333333333333,2.75,1.0
19,Yes,Travel_Rarely,Human Resources,2,2,Technical Degree,1,Male,2,1,Human Resources,4,Single,2564,1,No,12,3,3,0,1,3,4,1,0,0,0,1.0,0.0,2564.0,3.0,0.0
30,No,Non-Travel,Sales,22,4,Other,3,Female,3,3,Sales Executive,1,Married,8412,0,No,11,3,3,0,10,3,3,9,8,7,8,0.9,0.7777777777777778,841.2,2.5,0.8888888888888888
57,No,Travel_Rarely,Sales,29,3,Marketing,1,Male,2,4,Manager,4,Divorced,14118,3,No,12,3,3,1,32,3,2,1,0,0,0,0.03125,0.0,441.1875,2.5,0.0
50,No,Travel_Rarely,Research & Development,29,4,Life Sciences,2,Male,2,4,Manager,3,Married,17046,0,No,15,3,2,1,28,2,3,27,10,15,7,0.9642857142857143,0.5555555555555556,608.7857142857143,2.5,0.37037037037037035
30,No,Non-Travel,Research & Development,2,3,Medical,3,Female,3,1,Laboratory Technician,4,Single,2564,0,No,14,3,3,0,12,2,2,11,7,6,7,0.9166666666666666,0.5454545454545454,213.66666666666666,3.0,0.6363636363636364
60,No,Travel_Frequently,Sales,28,3,Marketing,3,Female,2,3,Sales Executive,1,Married,10266,4,No,19,3,4,0,22,5,4,18,13,13,11,0.8181818181818182,0.7222222222222222,466.6363636363636,3.0,0.7222222222222222
47,No,Travel_Rarely,Research & Development,2,2,Medical,1,Female,3,2,Manufacturing Director,4,Divorced,5070,5,No,13,3,3,3,20,2,3,5,0,0,4,0.25,0.0,253.5,2.75,0.0
46,No,Travel_Rarely,Research & Development,2,3,Life Sciences,1,Male,3,4,Research Director,3,Married,17861,6,No,13,3,3,0,26,2,1,3,2,0,1,0.11538461538461539,0.0,686.9615384615385,2.0,0.6666666666666666
35,No,Travel_Rarely,Research & Development,22,3,Life Sciences,4,Male,1,1,Laboratory Technician,3,Single,4230,0,No,15,3,3,0,6,2,3,5,4,4,3,0.8333333333333334,0.8,705.0,3.25,0.8
54,No,Travel_Rarely,Research & Development,8,4,Life Sciences,3,Female,3,2,Laboratory Technician,3,Single,3780,7,No,11,3,3,0,19,3,3,1,0,0,0,0.05263157894736842,0.0,198.94736842105263,3.0,0.0
34,No,Travel_Rarely,Research & Development,2,4,Life Sciences,4,Male,2,1,Research Scientist,3,Divorced,2768,3,No,12,3,3,1,14,3,3,7,3,5,7,0.5,0.7142857142857143,197.71428571428572,3.25,0.42857142857142855
46,No,Travel_Rarely,Sales,10,3,Marketing,3,Female,2,3,Sales Executive,4,Married,9071,2,Yes,19,3,3,1,15,3,3,3,2,1,2,0.2,0.3333333333333333,604.7333333333333,3.25,0.6666666666666666
31,No,Travel_Rarely,Research & Development,9,1,Life Sciences,3,Male,3,3,Manufacturing Director,2,Divorced,10648,1,No,25,4,4,1,13,6,4,13,8,0,8,1.0,0.0,819.0769230769231,3.25,0.6153846153846154
33,Yes,Travel_Rarely,Research & Development,15,1,Medical,2,Male,3,3,Manager,3,Married,13610,7,Yes,12,3,4,0,15,2,4,7,6,7,7,0.4666666666666667,1.0,907.3333333333334,3.25,0.8571428571428571
33,Yes,Travel_Rarely,Research & Development,10,1,Medical,1,Male,1,1,Laboratory Technician,4,Divorced,3408,7,No,13,3,1,3,8,2,3,4,3,1,3,0.5,0.25,426.0,2.25,0.75
30,No,Travel_Rarely,Sales,7,1,Marketing,4,Male,3,1,Sales Representative,2,Single,2983,0,No,14,3,1,0,4,3,3,3,2,1,2,0.75,0.3333333333333333,745.75,2.5,0.6666666666666666
35,No,Travel_Rarely,Research & Development,16,3,Life Sciences,4,Male,3,3,Healthcare Representative,3,Married,7632,4,Yes,12,3,3,0,10,2,3,8,7,0,0,0.8,0.0,763.2,3.25,0.875
31,Yes,Travel_Frequently,Research & Development,20,3,Life Sciences,1,Male,3,3,Healthcare Representative,3,Married,9824,3,No,12,3,1,0,12,2,3,1,0,0,0,0.08333333333333333,0.0,818.6666666666666,2.0,0.0
34,Yes,Travel_Frequently,Human Resources,23,3,Human Resources,2,Female,3,3,Human Resources,1,Divorced,9950,9,Yes,15,3,3,3,11,2,3,3,2,0,2,0.2727272727272727,0.0,904.5454545454545,2.25,0.6666666666666666
42,No,Travel_Frequently,Research & Development,5,2,Other,2,Male,3,1,Laboratory Technician,3,Married,2093,4,No,17,3,4,1,8,4,3,2,2,2,0,0.25,1.0,261.625,3.0,1.0
36,No,Non-Travel,Sales,10,4,Medical,2,Male,3,3,Sales Executive,4,Single,9980,1,No,14,3,4,0,10,3,2,10,3,9,7,1.0,0.9,998.0,3.0,0.3
22,Yes,Travel_Frequently,Research & Development,4,1,Technical Degree,3,Male,2,1,Laboratory Technician,3,Single,3894,5,No,16,3,3,0,4,3,3,2,2,1,2,0.5,0.5,973.5,3.0,1.0
48,No,Travel_Rarely,Sales,2,5,Marketing,2,Female,3,2,Sales Executive,4,Married,4051,2,No,14,3,1,1,14,2,3,9,7,6,7,0.6428571428571429,0.6666666666666666,289.35714285714283,2.5,0.7777777777777778
55,No,Travel_Rarely,Sales,18,5,Life Sciences,1,Female,3,4,Manager,2,Single,16835,3,No,23,4,4,0,37,2,3,10,9,7,7,0.2702702702702703,0.7,455.0,2.5,0.9
41,No,Non-Travel,Sales,10,2,Life Sciences,4,Male,3,2,Sales Executive,4,Single,6230,7,No,14,3,4,0,16,3,3,14,3,1,10,0.875,0.07142857142857142,389.375,3.75,0.21428571428571427
35,No,Travel_Rarely,Sales,1,3,Marketing,2,Male,3,2,Sales Executive,3,Married,4717,9,No,11,3,3,0,15,2,3,11,9,6,9,0.7333333333333333,0.5454545454545454,314.46666666666664,2.75,0.8181818181818182
40,No,Travel_Rarely,Research & Development,6,3,Life Sciences,2,Female,3,4,Manufacturing Director,3,Single,13237,7,No,15,3,3,0,22,3,3,20,6,5,13,0.9090909090909091,0.25,601.6818181818181,2.75,0.3
39,No,Travel_Frequently,Research & Development,8,1,Life Sciences,3,Female,3,1,Laboratory Technician,3,Married,3755,1,No,11,3,1,1,8,3,3,8,3,0,7,1.0,0.0,469.375,2.5,0.375
31,No,Travel_Rarely,Sales,2,1,Life Sciences,2,Male,3,2,Sales Executive,4,Single,6582,4,Yes,13,3,3,0,10,2,4,6,5,0,5,0.6,0.0,658.2,3.25,0.8333333333333334
42,No,Travel_Rarely,Research & Development,24,3,Medical,4,Male,3,3,Manufacturing Director,1,Married,7406,1,Yes,21,4,4,1,10,5,2,10,9,5,8,1.0,0.5,740.6,2.75,0.9
45,No,Travel_Rarely,Sales,2,3,Other,4,Male,3,2,Sales Executive,2,Married,4805,0,No,19,3,2,1,9,3,4,8,7,3,7,0.8888888888888888,0.375,533.8888888888889,3.0,0.875
26,Yes,Travel_Frequently,Human Resources,17,4,Life Sciences,2,Female,3,1,Human Resources,3,Divorced,2741,0,Yes,11,3,2,1,8,2,2,7,7,1,0,0.875,0.14285714285714285,342.625,2.25,1.0
29,No,Travel_Rarely,Research & Development,19,3,Technical Degree,4,Male,3,2,Manufacturing Director,4,Divorced,4262,4,No,12,3,2,2,8,2,4,3,2,1,2,0.375,0.3333333333333333,532.75,3.5,0.6666666666666666
33,No,Travel_Rarely,Research & Development,1,5,Medical,1,Female,4,4,Research Director,3,Divorced,16184,4,No,19,3,3,1,10,2,3,6,1,0,5,0.6,0.0,1618.4,2.5,0.16666666666666666
31,No,Travel_Rarely,Sales,7,3,Life Sciences,3,Male,2,3,Manager,4,Divorced,11557,9,No,21,4,3,1,10,3,2,5,4,0,1,0.5,0.0,1155.7,3.0,0.8
18,Yes,Travel_Frequently,Sales,5,3,Marketing,2,Male,3,1,Sales Representative,2,Single,1878,1,Yes,14,3,4,0,0,3,3,0,0,0,0,0.0,0.0,1878.0,2.75,0.0
40,No,Non-Travel,Sales,28,3,Other,3,Male,1,3,Sales Executive,1,Divorced,10932,3,No,15,3,3,1,20,2,3,1,0,0,1,0.05,0.0,546.6,2.5,0.0
41,No,Non-Travel,Research & Development,2,4,Other,1,Female,2,2,Healthcare Representative,3,Single,6811,2,Yes,17,3,1,0,10,3,3,8,7,0,7,0.8,0.0,681.1,2.0,0.875
26,No,Travel_Rarely,Sales,29,2,Medical,1,Male,3,2,Sales Executive,3,Divorced,4306,5,No,12,3,1,2,8,5,3,0,0,0,0,0.0,0.0,538.25,2.0,0.0
35,No,Travel_Rarely,Sales,1,3,Medical,1,Female,3,2,Sales Executive,3,Single,4859,1,No,16,3,4,0,5,3,3,5,4,0,3,1.0,0.0,971.8,2.75,0.8
34,No,Travel_Rarely,Sales,21,4,Life Sciences,4,Male,4,2,Sales Executive,4,Single,5337,1,No,12,3,4,0,10,3,3,10,7,5,7,1.0,0.5,533.7,3.75,0.7
26,Yes,Travel_Rarely,Research & Development,24,3,Technical Degree,3,Male,1,1,Laboratory Technician,4,Single,2340,1,Yes,18,3,2,0,1,3,1,1,0,0,0,1.0,0.0,2340.0,2.5,0.0
37,No,Travel_Rarely,Research & Development,1,3,Technical Degree,2,Female,3,3,Manufacturing Director,4,Single,7491,4,No,17,3,4,0,12,3,4,6,5,1,2,0.5,0.16666666666666666,624.25,3.5,0.8333333333333334
46,No,Travel_Frequently,Research & Development,18,1,Medical,1,Female,3,3,Healthcare Representative,3,Married,10527,5,No,11,3,4,0,28,3,2,2,2,1,2,0.07142857142857142,0.5,375.9642857142857,2.5,1.0
41,No,Travel_Rarely,Sales,2,5,Life Sciences,2,Female,3,4,Manager,1,Married,16595,7,No,16,3,2,1,22,2,3,18,16,11,8,0.8181818181818182,0.6111111111111112,754.3181818181819,2.0,0.8888888888888888
37,No,Non-Travel,Sales,9,4,Medical,1,Male,3,3,Sales Executive,2,Divorced,8834,1,No,13,3,4,1,9,6,3,9,5,7,7,1.0,0.7777777777777778,981.5555555555555,2.5,0.5555555555555556
52,No,Travel_Rarely,Research & Development,6,2,Technical Degree,4,Male,3,2,Research Scientist,1,Divorced,5577,3,Yes,12,3,2,2,18,3,3,10,9,6,9,0.5555555555555556,0.6,309.8333333333333,2.5,0.9
32,Yes,Non-Travel,Sales,11,4,Other,4,Male,4,2,Sales Executive,3,Married,4707,8,No,12,3,4,0,6,2,3,4,2,1,2,0.6666666666666666,0.25,784.5,3.5,0.5
24,No,Travel_Frequently,Sales,24,3,Medical,4,Male,3,1,Sales Representative,4,Married,2400,0,No,13,3,3,2,3,3,3,2,2,2,1,0.6666666666666666,1.0,800.0,3.5,1.0
38,No,Travel_Rarely,Research & Development,10,3,Medical,3,Female,3,2,Healthcare Representative,3,Married,9824,3,No,19,3,3,1,18,4,3,1,0,0,0,0.05555555555555555,0.0,545.7777777777778,3.0,0.0
37,No,Travel_Rarely,Research & Development,1,4,Life Sciences,2,Female,3,2,Manufacturing Director,2,Married,6447,6,No,12,3,2,1,8,2,2,6,5,4,3,0.75,0.6666666666666666,805.875,2.0,0.8333333333333334
49,No,Travel_Rarely,Research & Development,18,4,Life Sciences,4,Male,2,5,Research Director,3,Divorced,19502,1,Yes,17,3,3,1,31,5,3,31,9,0,9,1.0,0.0,629.0967741935484,3.25,0.2903225806451613
24,No,Travel_Rarely,Research & Development,23,3,Medical,2,Male,4,1,Research Scientist,4,Married,2725,1,Yes,11,3,2,2,6,3,3,6,5,1,4,1.0,0.16666666666666666,454.1666666666667,2.75,0.8333333333333334
26,No,Travel_Rarely,Sales,28,2,Marketing,1,Male,3,2,Sales Executive,2,Married,6272,1,No,20,4,4,2,6,5,4,5,3,1,4,0.8333333333333334,0.2,1045.3333333333333,2.75,0.6
24,No,Travel_Rarely,Research & Development,17,2,Other,4,Male,2,1,Laboratory Technician,2,Married,2127,1,No,21,4,4,1,1,2,3,1,0,0,0,1.0,0.0,2127.0,3.25,0.0
50,No,Travel_Frequently,Human Resources,3,3,Medical,1,Male,3,5,Manager,2,Married,18200,1,No,11,3,3,1,32,2,3,32,5,10,7,1.0,0.3125,568.75,2.25,0.15625
25,No,Travel_Rarely,Sales,13,1,Medical,2,Male,3,1,Sales Representative,3,Married,2096,1,No,11,3,3,0,7,1,3,7,4,0,6,1.0,0.0,299.42857142857144,2.75,0.5714285714285714
24,Yes,Travel_Frequently,Research & Development,7,3,Life Sciences,1,Female,3,1,Laboratory Technician,3,Married,2886,1,Yes,16,3,4,1,6,4,3,6,3,1,2,1.0,0.16666666666666666,481.0,2.75,0.5
30,Yes,Travel_Frequently,Sales,12,4,Life Sciences,2,Male,2,1,Sales Representative,1,Married,2033,1,No,18,3,3,1,1,2,4,1,0,0,0,1.0,0.0,2033.0,2.5,0.0
34,No,Travel_Rarely,Research & Development,1,2,Life Sciences,2,Male,2,1,Research Scientist,4,Married,3622,1,Yes,13,3,4,1,6,3,3,6,5,1,3,1.0,0.16666666666666666,603.6666666666666,3.25,0.8333333333333334
31,Yes,Travel_Rarely,Sales,13,4,Medical,2,Male,3,2,Sales Executive,1,Divorced,4233,2,No,17,3,3,0,9,2,1,3,1,1,2,0.3333333333333333,0.3333333333333333,470.3333333333333,1.75,0.3333333333333333
35,No,Travel_Rarely,Research & Development,25,2,Other,1,Male,2,2,Laboratory Technician,4,Single,3681,4,No,14,3,4,0,9,3,3,3,2,0,2,0.3333333333333333,0.0,409.0,3.0,0.6666666666666666
31,No,Travel_Rarely,Sales,6,4,Medical,1,Male,4,2,Sales Executive,4,Divorced,5460,4,No,22,4,4,2,13,4,4,7,7,5,7,0.5384615384615384,0.7142857142857143,420.0,3.25,1.0
27,No,Travel_Rarely,Research & Development,6,4,Medical,1,Female,2,1,Research Scientist,3,Divorced,2187,0,No,12,3,3,2,6,5,2,5,3,0,3,0.8333333333333334,0.0,364.5,2.25,0.6
37,No,Travel_Rarely,Sales,2,3,Marketing,4,Male,3,2,Sales Executive,3,Married,9602,4,Yes,11,3,3,1,17,3,2,3,0,1,0,0.17647058823529413,0.3333333333333333,564.8235294117648,3.0,0.0
20,No,Travel_Rarely,Research & Development,1,3,Life Sciences,4,Female,2,1,Research Scientist,2,Single,2836,1,No,13,3,4,0,1,0,4,1,0,0,0,1.0,0.0,2836.0,3.5,0.0
42,No,Travel_Rarely,Research & Development,2,4,Life Sciences,3,Female,3,2,Healthcare Representative,4,Married,4089,1,No,13,3,2,2,10,4,3,10,2,2,2,1.0,0.2,408.9,3.0,0.2
43,No,Travel_Rarely,Research & Development,6,4,Other,2,Male,2,4,Research Director,4,Divorced,16627,4,Yes,14,3,3,1,21,3,2,1,0,0,0,0.047619047619047616,0.0,791.7619047619048,2.75,0.0
38,No,Travel_Rarely,Research & Development,1,1,Life Sciences,3,Female,3,1,Research Scientist,1,Single,2619,3,No,17,3,4,0,8,3,2,0,0,0,0,0.0,0.0,327.375,2.5,0.0
43,No,Travel_Frequently,Research & Development,9,5,Medical,4,Male,3,2,Laboratory Technician,3,Divorced,5679,3,Yes,13,3,2,1,10,3,3,8,7,4,7,0.8,0.5,567.9,3.0,0.875
48,No,Travel_Rarely,Research & Development,1,4,Life Sciences,4,Female,2,4,Manager,1,Married,15402,7,No,11,3,1,1,21,3,1,3,2,0,2,0.14285714285714285,0.0,733.4285714285714,1.75,0.6666666666666666
44,No,Travel_Rarely,Human Resources,1,4,Life Sciences,1,Female,2,2,Human Resources,3,Single,5985,4,No,11,3,2,0,10,1,4,2,2,0,2,0.2,0.0,598.5,2.5,1.0
34,No,Travel_Rarely,Sales,14,3,Technical Degree,3,Female,3,1,Sales Representative,3,Divorced,2579,1,Yes,18,3,4,2,8,3,3,8,2,0,6,1.0,0.0,322.375,3.25,0.25
27,Yes,Travel_Rarely,Sales,2,1,Marketing,3,Male,3,1,Sales Representative,1,Divorced,3041,0,No,11,3,2,1,5,3,3,4,3,0,2,0.8,0.0,608.2,2.25,0.75
21,No,Travel_Rarely,Sales,22,1,Technical Degree,3,Male,3,1,Sales Representative,3,Single,3447,1,No,11,3,3,0,3,2,3,3,2,1,2,1.0,0.3333333333333333,1149.0,3.0,0.6666666666666666
44,No,Travel_Rarely,Research & Development,3,4,Other,4,Male,3,5,Manager,4,Married,19513,4,Yes,12,3,1,1,26,2,4,2,2,0,1,0.07692307692307693,0.0,750.5,3.25,1.0
22,No,Travel_Rarely,Research & Development,6,1,Medical,1,Male,3,1,Research Scientist,3,Married,2773,0,No,20,4,4,0,3,3,3,2,2,2,2,0.6666666666666666,1.0,924.3333333333334,2.75,1.0
33,No,Travel_Rarely,Sales,8,4,Marketing,3,Male,3,2,Sales Executive,3,Divorced,7104,0,No,12,3,4,0,6,3,3,5,0,1,2,0.8333333333333334,0.2,1184.0,3.25,0.0
32,No,Travel_Rarely,Research & Development,9,4,Life Sciences,1,Female,3,2,Research Scientist,4,Married,6322,1,Yes,12,3,4,1,6,2,2,6,4,0,5,1.0,0.0,1053.6666666666667,2.75,0.6666666666666666
30,No,Travel_Frequently,Research & Development,3,3,Medical,3,Female,3,1,Research Scientist,3,Divorced,2083,1,No,20,4,3,1,1,2,3,1,0,0,0,1.0,0.0,2083.0,3.0,0.0
53,No,Travel_Rarely,Sales,1,1,Medical,4,Female,3,2,Sales Executive,1,Single,8381,7,No,20,4,4,0,18,2,4,14,7,8,10,0.7777777777777778,0.5714285714285714,465.6111111111111,3.25,0.5
34,No,Travel_Rarely,Research & Development,1,5,Life Sciences,2,Male,3,1,Research Scientist,4,Married,2691,1,No,12,3,4,1,10,4,2,10,9,8,8,1.0,0.8,269.1,3.0,0.9
45,Yes,Travel_Frequently,Sales,26,4,Life Sciences,1,Female,3,2,Sales Executive,1,Married,4286,2,No,14,3,4,2,5,4,3,1,1,0,0,0.2,0.0,857.2,2.25,1.0
26,No,Travel_Rarely,Research & Development,6,3,Life Sciences,3,Female,3,1,Laboratory Technician,4,Married,2659,1,Yes,13,3,3,1,3,2,3,3,2,0,2,1.0,0.0,886.3333333333334,3.25,0.6666666666666666
37,No,Travel_Rarely,Research & Development,3,3,Other,3,Male,3,3,Manufacturing Director,3,Married,9434,1,No,15,3,3,1,10,2,3,10,7,7,8,1.0,0.7,943.4,3.0,0.7
29,No,Travel_Rarely,Sales,3,2,Medical,2,Female,3,2,Sales Executive,3,Married,5561,1,No,14,3,1,1,6,5,2,6,0,1,2,1.0,0.16666666666666666,926.8333333333334,2.0,0.0
35,No,Travel_Rarely,Research & Development,6,4,Life Sciences,2,Male,1,2,Research Scientist,4,Single,6646,1,No,13,3,2,0,17,3,3,17,11,11,8,1.0,0.6470588235294118,390.94117647058823,2.75,0.6470588235294118
33,No,Travel_Frequently,Research & Development,6,3,Life Sciences,3,Male,3,2,Healthcare Representative,4,Divorced,7725,3,No,23,4,3,1,15,2,1,13,11,4,7,0.8666666666666667,0.3076923076923077,515.0,2.75,0.8461538461538461
54,No,Travel_Rarely,Human Resources,19,4,Medical,3,Male,3,3,Human Resources,2,Married,10725,2,No,15,3,3,1,16,1,4,9,7,7,1,0.5625,0.7777777777777778,670.3125,3.0,0.7777777777777778
36,No,Travel_Rarely,Research & Development,9,2,Medical,2,Male,2,2,Manufacturing Director,2,Divorced,8847,2,Yes,11,3,3,1,13,2,3,3,2,0,2,0.23076923076923078,0.0,680.5384615384615,2.5,0.6666666666666666
27,No,Travel_Rarely,Research & Development,3,4,Medical,1,Male,2,1,Research Scientist,4,Single,2045,0,No,13,3,4,0,5,0,3,4,2,1,1,0.8,0.25,409.0,3.0,0.5
20,Yes,Travel_Rarely,Research & Development,10,1,Medical,4,Male,3,1,Research Scientist,3,Single,1009,1,Yes,11,3,4,0,1,5,3,1,0,1,1,1.0,1.0,1009.0,3.5,0.0
33,Yes,Travel_Frequently,Research & Development,3,3,Life Sciences,1,Male,3,1,Research Scientist,1,Single,3348,1,Yes,11,3,1,0,10,3,3,10,8,9,7,1.0,0.9,334.8,1.5,0.8
35,No,Non-Travel,Research & Development,3,3,Life Sciences,3,Male,2,1,Laboratory Technician,3,Married,1281,1,No,18,3,3,2,1,3,3,1,0,0,0,1.0,0.0,1281.0,3.0,0.0
23,No,Travel_Rarely,Research & Development,4,3,Medical,1,Male,4,1,Research Scientist,1,Married,2819,2,No,16,3,1,1,5,3,4,3,2,0,2,0.6,0.0,563.8,1.75,0.6666666666666666
25,No,Travel_Rarely,Sales,8,3,Life Sciences,4,Male,4,2,Sales Executive,2,Married,4851,0,No,22,4,3,1,4,4,3,3,2,1,2,0.75,0.3333333333333333,1212.75,3.0,0.6666666666666666
38,No,Travel_Rarely,Sales,7,4,Marketing,4,Female,2,2,Sales Executive,4,Single,4028,0,No,20,4,1,0,8,2,3,7,7,0,5,0.875,0.0,503.5,3.0,1.0
29,No,Travel_Frequently,Research & Development,1,4,Life Sciences,2,Male,1,1,Research Scientist,4,Divorced,2720,1,No,18,3,4,1,10,5,3,10,7,2,8,1.0,0.2,272.0,3.25,0.7
48,No,Travel_Rarely,Sales,2,1,Marketing,2,Male,4,2,Sales Executive,2,Married,8120,3,No,12,3,4,0,12,3,3,2,2,2,2,0.16666666666666666,1.0,676.6666666666666,2.75,1.0
27,No,Travel_Frequently,Sales,3,1,Medical,4,Female,4,2,Sales Executive,4,Divorced,4647,1,Yes,20,4,2,2,6,3,3,6,5,0,4,1.0,0.0,774.5,3.25,0.8333333333333334
37,No,Travel_Rarely,Research & Development,10,2,Life Sciences,4,Male,4,1,Research Scientist,4,Single,4680,3,No,17,3,1,0,4,2,3,1,0,0,0,0.25,0.0,1170.0,3.0,0.0
50,No,Travel_Rarely,Research & Development,28,1,Medical,4,Male,4,1,Laboratory Technician,3,Married,3221,1,Yes,11,3,3,3,20,3,3,20,8,3,8,1.0,0.15,161.05,3.25,0.4
34,No,Travel_Rarely,Research & Development,9,3,Medical,4,Female,2,3,Healthcare Representative,2,Single,8621,1,No,14,3,2,0,9,3,4,8,7,7,7,0.8888888888888888,0.875,957.8888888888889,3.0,0.875
24,Yes,Travel_Rarely,Sales,3,2,Life Sciences,1,Female,3,2,Sales Executive,3,Single,4577,9,No,14,3,1,0,4,3,3,2,2,2,0,0.5,1.0,1144.25,2.0,1.0
39,No,Travel_Rarely,Research & Development,2,4,Technical Degree,4,Female,2,2,Healthcare Representative,3,Single,4553,1,No,11,3,1,0,20,4,3,20,7,11,10,1.0,0.55,227.65,2.75,0.35
32,No,Travel_Rarely,Sales,10,3,Marketing,4,Male,3,2,Sales Executive,4,Single,5396,1,No,12,3,4,0,10,2,2,10,7,0,8,1.0,0.0,539.6,3.5,0.7
50,Yes,Travel_Frequently,Sales,8,2,Technical Degree,2,Male,3,2,Sales Executive,3,Married,6796,3,Yes,14,3,1,1,18,4,3,4,3,1,3,0.2222222222222222,0.25,377.55555555555554,2.25,0.75
38,No,Travel_Rarely,Research & Development,1,4,Life Sciences,2,Female,4,2,Healthcare Representative,4,Single,7625,0,No,13,3,3,0,10,4,2,9,7,1,8,0.9,0.1111111111111111,762.5,2.75,0.7777777777777778
27,No,Travel_Rarely,Research & Development,1,2,Life Sciences,3,Female,3,3,Manufacturing Director,1,Married,7412,1,No,11,3,4,0,9,3,3,9,7,0,7,1.0,0.0,823.5555555555555,2.75,0.7777777777777778
32,No,Travel_Rarely,Research & Development,3,2,Life Sciences,3,Female,3,3,Research Director,4,Single,11159,3,No,15,3,4,0,10,6,3,7,7,7,7,0.7,1.0,1115.9,3.5,1.0
47,No,Travel_Rarely,Sales,14,4,Marketing,4,Male,3,2,Sales Executive,1,Single,4960,2,No,12,3,4,0,20,2,3,7,7,1,7,0.35,0.14285714285714285,248.0,3.0,1.0
40,No,Travel_Frequently,Sales,5,4,Life Sciences,4,Male,2,3,Sales Executive,1,Married,10475,5,Yes,21,4,3,1,20,2,3,18,13,1,12,0.9,0.05555555555555555,523.75,2.75,0.7222222222222222
53,No,Travel_Rarely,Research & Development,7,3,Life Sciences,3,Male,4,4,Research Director,3,Married,14814,3,No,19,3,3,0,32,3,3,5,1,1,3,0.15625,0.2,462.9375,3.0,0.2
41,No,Travel_Rarely,Human Resources,10,4,Human Resources,2,Male,2,5,Manager,4,Divorced,19141,3,No,15,3,2,3,23,2,2,21,6,12,6,0.9130434782608695,0.5714285714285714,832.2173913043479,2.5,0.2857142857142857
60,No,Travel_Rarely,Sales,16,4,Marketing,1,Male,3,2,Sales Executive,1,Single,5405,8,No,14,3,4,0,10,1,3,2,2,2,2,0.2,1.0,540.5,2.25,1.0
27,No,Travel_Frequently,Research & Development,10,2,Life Sciences,4,Male,3,3,Manufacturing Director,1,Divorced,8793,1,No,21,4,3,2,9,4,2,9,7,1,7,1.0,0.1111111111111111,977.0,2.5,0.7777777777777778
41,No,Travel_Rarely,Human Resources,1,3,Human Resources,4,Male,2,5,Manager,3,Married,19189,1,No,12,3,2,1,22,3,3,22,7,2,10,1.0,0.09090909090909091,872.2272727272727,3.0,0.3181818181818182
50,No,Travel_Rarely,Sales,8,4,Marketing,4,Male,3,1,Sales Representative,2,Married,3875,7,No,15,3,4,1,4,2,3,2,2,2,2,0.5,1.0,968.75,3.25,1.0
28,Yes,Travel_Rarely,Research & Development,1,2,Life Sciences,1,Female,1,1,Research Scientist,2,Single,2216,7,Yes,13,3,4,0,10,4,3,7,7,3,7,0.7,0.42857142857142855,221.6,2.5,1.0
36,No,Non-Travel,Research & Development,8,3,Life Sciences,1,Female,4,3,Research Director,1,Married,11713,9,No,14,3,1,1,10,2,3,8,7,0,5,0.8,0.0,1171.3,1.5,0.875
38,No,Travel_Rarely,Research & Development,1,3,Life Sciences,3,Female,3,3,Manufacturing Director,3,Single,7861,4,Yes,14,3,4,0,10,4,4,1,0,0,0,0.1,0.0,786.1,3.5,0.0
44,No,Non-Travel,Research & Development,24,3,Medical,1,Male,1,1,Laboratory Technician,3,Single,3708,2,No,14,3,3,0,9,5,3,5,2,1,4,0.5555555555555556,0.2,412.0,2.5,0.4
47,No,Travel_Frequently,Sales,3,3,Medical,4,Female,3,4,Sales Executive,3,Divorced,13770,9,Yes,12,3,4,2,28,2,2,22,2,11,13,0.7857142857142857,0.5,491.7857142857143,3.25,0.09090909090909091
30,No,Travel_Rarely,Sales,27,5,Marketing,3,Male,3,2,Sales Executive,4,Divorced,5304,7,No,23,4,4,1,10,2,2,8,7,7,7,0.8,0.875,530.4,3.25,0.875
29,No,Travel_Rarely,Sales,10,3,Life Sciences,3,Male,3,1,Sales Representative,3,Single,2642,1,No,11,3,3,0,1,6,3,1,0,0,0,1.0,0.0,2642.0,3.0,0.0
42,Yes,Travel_Frequently,Research & Development,19,3,Medical,3,Male,4,1,Research Scientist,3,Divorced,2759,6,Yes,12,3,4,0,7,2,3,2,2,2,2,0.2857142857142857,1.0,394.14285714285717,3.25,1.0
43,No,Travel_Frequently,Sales,15,3,Life Sciences,4,Male,2,2,Sales Executive,4,Married,6804,3,No,18,3,3,1,7,5,3,2,2,2,2,0.2857142857142857,1.0,972.0,3.5,1.0
34,No,Travel_Rarely,Research & Development,8,2,Medical,2,Female,3,2,Healthcare Representative,3,Single,6142,3,No,11,3,4,0,10,2,3,5,1,4,3,0.5,0.8,614.2,3.0,0.2
23,No,Travel_Rarely,Research & Development,9,1,Medical,2,Male,3,1,Laboratory Technician,1,Married,2500,1,No,14,3,4,1,5,2,4,4,3,0,2,0.8,0.0,500.0,2.75,0.75
39,No,Travel_Rarely,Human Resources,3,3,Human Resources,3,Female,4,2,Human Resources,2,Married,6389,9,No,15,3,3,1,12,3,1,8,3,3,6,0.6666666666666666,0.375,532.4166666666666,2.25,0.375
56,No,Travel_Rarely,Research & Development,9,3,Medical,3,Male,3,4,Healthcare Representative,4,Married,11103,7,No,11,3,3,0,30,1,2,10,7,1,1,0.3333333333333333,0.1,370.1,3.0,0.7
40,No,Travel_Rarely,Research & Development,2,1,Medical,4,Female,2,1,Research Scientist,4,Single,2342,0,Yes,20,4,4,0,5,2,2,4,2,2,3,0.8,0.5,468.4,3.5,0.5
27,No,Travel_Rarely,Research & Development,7,3,Medical,4,Female,2,2,Healthcare Representative,1,Single,6811,8,No,19,3,1,0,9,2,1,7,6,0,7,0.7777777777777778,0.0,756.7777777777778,1.75,0.8571428571428571
29,No,Travel_Rarely,Sales,10,3,Marketing,4,Male,3,1,Sales Representative,2,Divorced,2297,1,No,14,3,4,2,2,2,3,2,2,2,2,1.0,1.0,1148.5,3.25,1.0
53,No,Travel_Rarely,Research & Development,6,3,Life Sciences,4,Male,3,2,Laboratory Technician,4,Single,2450,2,No,17,3,4,0,19,4,3,2,2,2,2,0.10526315789473684,1.0,128.94736842105263,3.75,1.0
35,No,Non-Travel,Research & Development,2,4,Life Sciences,4,Female,3,2,Healthcare Representative,1,Divorced,5093,2,No,11,3,1,1,16,2,4,1,0,0,0,0.0625,0.0,318.3125,2.5,0.0
32,No,Travel_Frequently,Research & Development,24,4,Life Sciences,1,Male,3,2,Laboratory Technician,4,Married,5309,1,No,15,3,4,2,10,2,3,10,8,4,7,1.0,0.4,530.9,3.0,0.8
38,No,Travel_Rarely,Research & Development,2,5,Medical,4,Male,3,1,Research Scientist,3,Married,3057,6,Yes,13,3,2,1,6,0,1,1,0,0,1,0.16666666666666666,0.0,509.5,2.5,0.0
34,No,Travel_Rarely,Research & Development,8,5,Life Sciences,2,Female,3,2,Manufacturing Director,1,Divorced,5121,3,No,14,3,3,1,7,3,3,0,0,0,0,0.0,0.0,731.5714285714286,2.25,0.0
52,No,Travel_Rarely,Sales,3,4,Marketing,3,Male,2,4,Manager,1,Married,16856,1,No,11,3,1,0,34,3,4,34,6,1,16,1.0,0.029411764705882353,495.7647058823529,2.25,0.17647058823529413
33,Yes,Travel_Rarely,Research & Development,1,4,Other,4,Male,3,1,Research Scientist,4,Single,2686,1,Yes,13,3,3,0,10,2,2,10,9,7,8,1.0,0.7,268.6,3.25,0.9
25,No,Travel_Rarely,Sales,26,1,Medical,3,Female,3,2,Sales Executive,4,Single,6180,1,No,23,4,2,0,6,5,2,6,5,1,4,1.0,0.16666666666666666,1030.0,2.75,0.8333333333333334
45,No,Travel_Rarely,Sales,2,2,Technical Degree,2,Male,1,2,Sales Representative,3,Single,6632,0,No,13,3,1,0,9,3,3,8,7,3,1,0.8888888888888888,0.375,736.8888888888889,2.25,0.875
23,No,Travel_Rarely,Research & Development,10,1,Medical,1,Male,4,1,Research Scientist,3,Single,3505,1,No,18,3,4,0,2,3,3,2,2,0,2,1.0,0.0,1752.5,2.75,1.0
47,Yes,Travel_Frequently,Sales,27,2,Life Sciences,2,Female,4,2,Sales Executive,3,Single,6397,4,Yes,12,3,4,0,8,2,3,5,4,1,3,0.625,0.2,799.625,3.0,0.8
34,No,Travel_Rarely,Sales,2,3,Other,4,Male,3,2,Sales Executive,4,Single,6274,1,No,22,4,3,0,6,5,3,6,5,1,4,1.0,0.16666666666666666,1045.6666666666667,3.5,0.8333333333333334
55,Yes,Travel_Rarely,Research & Development,2,3,Medical,4,Male,3,5,Manager,1,Married,19859,5,Yes,13,3,4,1,24,2,3,5,2,1,4,0.20833333333333334,0.2,827.4583333333334,3.0,0.4
36,No,Non-Travel,Sales,8,4,Life Sciences,1,Male,2,3,Sales Executive,1,Single,7587,1,No,15,3,2,0,10,1,3,10,7,0,9,1.0,0.0,758.7,1.75,0.7
52,No,Non-Travel,Research & Development,19,4,Medical,4,Male,3,1,Research Scientist,4,Married,4258,0,No,18,3,1,1,5,3,3,4,3,1,2,0.8,0.25,851.6,3.0,0.75
26,No,Travel_Frequently,Research & Development,1,2,Life Sciences,1,Female,1,1,Laboratory Technician,4,Divorced,4364,3,No,14,3,1,1,5,2,3,2,2,2,0,0.4,1.0,872.8,2.25,1.0
29,No,Travel_Rarely,Research & Development,27,3,Medical,2,Female,3,2,Healthcare Representative,3,Married,4335,4,No,12,3,1,1,11,3,2,8,7,1,1,0.7272727272727273,0.125,394.09090909090907,2.0,0.875
26,Yes,Travel_Rarely,Sales,8,3,Technical Degree,4,Male,2,2,Sales Executive,1,Single,5326,6,No,17,3,3,0,6,2,2,4,3,1,2,0.6666666666666666,0.25,887.6666666666666,2.5,0.75
34,No,Travel_Rarely,Research & Development,1,4,Life Sciences,2,Female,4,1,Research Scientist,4,Single,3280,2,No,16,3,3,0,10,2,3,4,2,1,3,0.4,0.25,328.0,3.0,0.5
54,No,Travel_Rarely,Research & Development,19,4,Medical,4,Female,3,2,Manufacturing Director,1,Divorced,5485,9,Yes,11,3,2,2,9,4,3,5,3,1,4,0.5555555555555556,0.2,609.4444444444445,2.5,0.6
27,No,Travel_Frequently,Sales,8,1,Marketing,3,Male,3,2,Sales Executive,4,Married,4342,0,No,19,3,2,1,5,3,3,4,2,1,1,0.8,0.25,868.4,3.0,0.5
37,No,Travel_Rarely,Research & Development,10,1,Life Sciences,4,Female,3,1,Research Scientist,1,Divorced,2782,0,Yes,13,3,2,2,6,3,2,5,3,4,3,0.8333333333333334,0.8,463.6666666666667,2.25,0.6
38,No,Travel_Frequently,Research & Development,2,4,Life Sciences,1,Female,4,2,Manufacturing Director,1,Single,5980,6,Yes,12,3,4,0,17,2,3,15,7,4,12,0.8823529411764706,0.26666666666666666,351.7647058823529,2.25,0.4666666666666667
34,No,Travel_Rarely,Research & Development,2,4,Medical,3,Female,2,1,Research Scientist,1,Single,4381,1,No,11,3,3,0,6,3,3,6,5,1,3,1.0,0.16666666666666666,730.1666666666666,2.5,0.8333333333333334
35,No,Travel_Rarely,Sales,8,4,Life Sciences,1,Female,3,1,Sales Representative,4,Married,2572,1,No,16,3,2,1,3,1,2,3,2,0,2,1.0,0.0,857.3333333333334,2.25,0.6666666666666666
30,No,Travel_Rarely,Research & Development,1,3,Life Sciences,4,Male,1,1,Laboratory Technician,3,Married,3833,3,No,21,4,3,2,7,2,3,2,2,0,2,0.2857142857142857,0.0,547.5714285714286,3.25,1.0
40,No,Travel_Frequently,Research & Development,2,2,Medical,3,Female,4,2,Healthcare Representative,2,Married,4244,1,No,24,4,4,1,8,2,3,8,7,3,7,1.0,0.375,530.5,3.0,0.875
34,No,Travel_Rarely,Sales,8,2,Life Sciences,3,Female,3,2,Sales Executive,1,Married,6500,5,No,17,3,2,1,6,1,3,3,2,1,2,0.5,0.3333333333333333,1083.3333333333333,2.25,0.6666666666666666
42,No,Travel_Frequently,Research & Development,8,3,Life Sciences,2,Male,3,5,Manager,4,Divorced,18430,1,No,13,3,2,1,24,4,2,24,7,14,9,1.0,0.5833333333333334,767.9166666666666,2.5,0.2916666666666667
23,Yes,Travel_Rarely,Research & Development,6,3,Life Sciences,3,Male,4,1,Laboratory Technician,1,Married,1601,1,Yes,21,4,3,2,1,2,3,0,0,0,0,0.0,0.0,1601.0,2.5,0.0
24,No,Non-Travel,Research & Development,9,3,Life Sciences,3,Male,2,1,Laboratory Technician,2,Divorced,2694,1,No,11,3,3,3,1,4,3,1,0,0,0,1.0,0.0,2694.0,2.75,0.0
52,No,Travel_Rarely,Research & Development,11,4,Life Sciences,4,Female,3,2,Laboratory Technician,3,Married,3149,8,No,20,4,2,1,9,3,3,5,2,1,4,0.5555555555555556,0.2,349.8888888888889,3.0,0.4
50,No,Travel_Rarely,Research & Development,2,3,Medical,3,Male,3,4,Research Director,3,Married,17639,5,No,16,3,4,0,30,3,3,4,3,0,3,0.13333333333333333,0.0,587.9666666666667,3.25,0.75
29,Yes,Travel_Rarely,Research & Development,1,2,Life Sciences,2,Female,2,1,Laboratory Technician,1,Married,2319,1,Yes,11,3,4,1,1,1,3,1,0,0,0,1.0,0.0,2319.0,2.5,0.0
33,No,Travel_Rarely,Research & Development,7,3,Medical,3,Male,3,3,Research Director,3,Married,11691,0,No,11,3,4,0,14,3,4,13,9,3,7,0.9285714285714286,0.23076923076923078,835.0714285714286,3.5,0.6923076923076923
33,Yes,Travel_Rarely,Sales,16,3,Marketing,1,Female,3,2,Sales Executive,1,Single,5324,5,No,15,3,3,0,6,3,3,3,2,0,2,0.5,0.0,887.3333333333334,2.0,0.6666666666666666
47,No,Travel_Rarely,Research & Development,2,2,Other,3,Female,3,4,Manager,4,Married,16752,1,Yes,11,3,3,1,26,3,2,26,14,3,0,1.0,0.11538461538461539,644.3076923076923,3.0,0.5384615384615384
36,No,Travel_Rarely,Research & Development,1,3,Other,3,Female,3,2,Manufacturing Director,2,Married,5228,0,No,15,3,1,1,10,2,3,9,7,0,5,0.9,0.0,522.8,2.25,0.7777777777777778
29,No,Travel_Rarely,Research & Development,23,2,Life Sciences,3,Male,4,1,Research Scientist,3,Married,2700,1,No,24,4,3,1,10,3,3,10,7,0,7,1.0,0.0,270.0,3.0,0.7
58,Yes,Travel_Rarely,Research & Development,2,4,Life Sciences,4,Male,3,5,Research Director,2,Single,19246,7,Yes,12,3,4,0,40,2,3,31,15,13,8,0.775,0.41935483870967744,481.15,3.25,0.4838709677419355
35,No,Travel_Rarely,Research & Development,1,4,Life Sciences,4,Female,4,1,Research Scientist,3,Single,2506,3,No,13,3,3,0,7,0,3,2,2,2,2,0.2857142857142857,1.0,358.0,3.25,1.0
42,No,Travel_Rarely,Research & Development,1,2,Life Sciences,4,Female,2,2,Manufacturing Director,4,Married,6062,9,Yes,13,3,4,1,8,4,3,4,3,0,2,0.5,0.0,757.75,3.75,0.75
28,Yes,Travel_Rarely,Research & Development,2,4,Medical,3,Male,3,1,Research Scientist,3,Single,4382,6,No,17,3,4,0,5,3,2,2,2,2,1,0.4,1.0,876.4,3.0,1.0
36,No,Travel_Rarely,Human Resources,13,3,Human Resources,3,Male,3,1,Human Resources,2,Married,2143,4,No,13,3,2,1,8,2,3,5,2,0,4,0.625,0.0,267.875,2.5,0.4
32,No,Travel_Rarely,Research & Development,4,3,Life Sciences,3,Female,2,2,Manufacturing Director,3,Married,6162,1,No,12,3,3,1,14,3,3,14,13,6,8,1.0,0.42857142857142855,440.14285714285717,3.0,0.9285714285714286
40,No,Travel_Frequently,Research & Development,16,4,Medical,1,Male,2,2,Laboratory Technician,3,Single,5094,6,No,14,3,4,0,10,6,3,1,0,0,0,0.1,0.0,509.4,2.75,0.0
30,No,Travel_Rarely,Research & Development,2,3,Medical,3,Female,2,2,Manufacturing Director,4,Single,6877,5,Yes,24,4,2,0,12,4,2,0,0,0,0,0.0,0.0,573.0833333333334,2.75,0.0
45,No,Travel_Rarely,Research & Development,2,3,Life Sciences,2,Female,2,1,Research Scientist,3,Single,2274,1,No,14,3,4,0,1,3,3,1,0,0,0,1.0,0.0,2274.0,3.0,0.0
42,No,Travel_Rarely,Research & Development,29,3,Life Sciences,2,Male,3,2,Manufacturing Director,2,Married,4434,1,No,13,3,4,1,10,3,2,9,8,7,8,0.9,0.7777777777777778,443.4,2.5,0.8888888888888888
38,No,Travel_Frequently,Research & Development,12,3,Life Sciences,1,Male,2,2,Healthcare Representative,1,Divorced,6288,2,No,15,3,3,1,13,3,2,4,3,1,2,0.3076923076923077,0.25,483.6923076923077,1.75,0.75
34,No,Travel_Frequently,Research & Development,16,4,Life Sciences,3,Female,2,1,Research Scientist,4,Single,2553,1,No,16,3,3,0,6,3,3,5,2,1,3,0.8333333333333334,0.2,425.5,3.25,0.4
49,Yes,Travel_Rarely,Sales,11,3,Marketing,3,Female,3,3,Sales Executive,4,Married,7654,1,No,18,3,1,2,9,3,4,9,8,7,7,1.0,0.7777777777777778,850.4444444444445,3.0,0.8888888888888888
55,Yes,Travel_Rarely,Sales,2,1,Medical,3,Male,3,2,Sales Executive,4,Single,5160,4,No,16,3,3,0,12,3,2,9,7,7,3,0.75,0.7777777777777778,430.0,3.0,0.7777777777777778
43,No,Travel_Rarely,Research & Development,14,2,Life Sciences,2,Male,3,4,Research Director,1,Married,17159,6,No,24,4,3,1,22,3,3,4,1,1,0,0.18181818181818182,0.25,779.9545454545455,2.25,0.25
27,No,Travel_Rarely,Research & Development,5,1,Technical Degree,3,Male,2,3,Research Director,4,Divorced,12808,1,Yes,16,3,2,1,9,3,3,9,8,0,8,1.0,0.0,1423.111111111111,3.0,0.8888888888888888
35,No,Travel_Rarely,Research & Development,7,3,Other,3,Male,3,3,Manufacturing Director,3,Single,10221,3,No,21,4,2,0,17,3,4,8,5,1,6,0.47058823529411764,0.125,601.2352941176471,3.0,0.625
28,No,Travel_Rarely,Sales,2,4,Marketing,2,Female,3,2,Sales Executive,2,Married,4779,1,Yes,20,4,1,0,8,2,3,8,7,7,5,1.0,0.875,597.375,2.0,0.875
34,No,Travel_Rarely,Human Resources,3,2,Human Resources,3,Male,3,1,Human Resources,4,Married,3737,0,No,19,3,3,1,4,1,1,3,2,0,2,0.75,0.0,934.25,2.75,0.6666666666666666
26,Yes,Travel_Frequently,Research & Development,5,2,Medical,3,Female,2,1,Research Scientist,3,Married,2366,1,Yes,14,3,1,1,8,2,3,8,7,1,7,1.0,0.125,295.75,2.5,0.875
27,No,Non-Travel,Research & Development,3,3,Medical,4,Male,3,1,Research Scientist,4,Married,1706,1,No,11,3,3,3,0,6,2,0,0,0,0,0.0,0.0,1706.0,3.25,0.0
51,No,Travel_Rarely,Sales,26,4,Marketing,1,Female,3,4,Manager,3,Married,16307,2,No,14,3,3,1,29,2,2,20,6,4,17,0.6896551724137931,0.2,562.3103448275862,2.25,0.3
44,No,Travel_Rarely,Research & Development,4,3,Medical,4,Male,3,2,Healthcare Representative,2,Single,5933,9,No,12,3,4,0,10,2,2,5,2,2,3,0.5,0.4,593.3,3.0,0.4
25,No,Travel_Rarely,Research & Development,2,1,Medical,1,Male,4,1,Research Scientist,1,Single,3424,7,No,13,3,3,0,6,3,2,4,3,0,1,0.6666666666666666,0.0,570.6666666666666,1.75,0.75
33,No,Travel_Rarely,Sales,1,3,Medical,1,Male,4,2,Sales Executive,1,Divorced,4037,1,No,22,4,1,1,9,5,3,9,8,0,8,1.0,0.0,448.55555555555554,1.5,0.8888888888888888
35,No,Travel_Rarely,Research & Development,27,1,Medical,3,Female,2,1,Research Scientist,1,Single,2559,1,No,11,3,4,0,6,3,2,6,5,1,1,1.0,0.16666666666666666,426.5,2.5,0.8333333333333334
36,No,Travel_Rarely,Sales,1,2,Life Sciences,2,Male,3,2,Sales Executive,4,Married,6201,1,Yes,14,3,4,1,18,1,2,18,14,4,11,1.0,0.2222222222222222,344.5,3.0,0.7777777777777778
32,No,Travel_Rarely,Sales,13,4,Life Sciences,2,Male,3,2,Sales Executive,4,Divorced,4403,2,No,11,3,3,1,8,3,2,5,2,0,3,0.625,0.0,550.375,2.75,0.4
30,No,Travel_Frequently,Research & Development,5,4,Life Sciences,2,Male,2,1,Research Scientist,4,Divorced,3761,9,No,12,3,2,1,10,3,2,5,4,0,3,0.5,0.0,376.1,2.5,0.8
53,No,Travel_Rarely,Sales,7,2,Marketing,1,Female,2,3,Sales Executive,4,Married,10934,7,Yes,18,3,4,1,35,3,3,5,2,0,4,0.14285714285714285,0.0,312.4,3.0,0.4
45,No,Travel_Rarely,Sales,9,3,Marketing,4,Male,3,3,Sales Executive,1,Divorced,10761,4,Yes,12,3,3,1,18,2,3,5,4,0,2,0.2777777777777778,0.0,597.8333333333334,2.75,0.8
32,No,Travel_Rarely,Research & Development,8,2,Medical,3,Female,4,2,Research Scientist,3,Married,5175,5,No,12,3,3,1,9,3,2,5,3,1,3,0.5555555555555556,0.2,575.0,2.75,0.6
52,No,Travel_Frequently,Research & Development,25,4,Medical,3,Female,2,4,Manufacturing Director,4,Married,13826,3,No,22,4,3,0,31,3,3,9,8,0,0,0.2903225806451613,0.0,446.0,3.25,0.8888888888888888
37,No,Travel_Rarely,Sales,16,4,Marketing,4,Male,2,2,Sales Executive,3,Divorced,6334,4,No,19,3,4,2,9,2,3,1,0,0,0,0.1111111111111111,0.0,703.7777777777778,3.5,0.0
28,No,Travel_Rarely,Human Resources,8,2,Medical,2,Male,2,1,Human Resources,4,Divorced,4936,1,No,13,3,4,1,6,6,3,5,1,0,4,0.8333333333333334,0.0,822.6666666666666,3.25,0.2
22,No,Travel_Rarely,Research & Development,1,2,Life Sciences,4,Male,2,2,Manufacturing Director,4,Married,4775,6,No,22,4,1,2,4,2,1,2,2,2,2,0.5,1.0,1193.75,2.5,1.0
44,No,Travel_Rarely,Research & Development,8,4,Life Sciences,1,Male,4,1,Laboratory Technician,4,Married,2818,2,Yes,24,4,3,1,10,2,2,3,2,0,2,0.3,0.0,281.8,2.5,0.6666666666666666
42,No,Travel_Frequently,Research & Development,2,1,Medical,2,Male,3,1,Research Scientist,4,Single,2515,5,Yes,14,3,4,0,8,2,3,2,1,2,2,0.25,1.0,314.375,3.25,0.5
36,No,Travel_Rarely,Human Resources,8,3,Life Sciences,1,Male,2,1,Human Resources,1,Married,2342,0,No,21,4,3,0,6,3,3,5,4,0,3,0.8333333333333334,0.0,390.3333333333333,2.0,0.8
25,No,Travel_Rarely,Sales,3,1,Other,3,Male,3,2,Sales Executive,1,Married,4194,1,Yes,18,3,4,0,5,3,3,5,3,0,3,1.0,0.0,838.8,2.75,0.6
35,No,Travel_Rarely,Research & Development,9,3,Life Sciences,4,Female,2,3,Manufacturing Director,3,Married,10685,1,Yes,20,4,2,1,17,2,3,17,14,5,15,1.0,0.29411764705882354,628.5294117647059,3.0,0.8235294117647058
35,Yes,Travel_Frequently,Research & Development,25,4,Life Sciences,4,Female,3,1,Research Scientist,2,Divorced,2022,1,Yes,19,3,1,1,10,3,2,10,2,7,8,1.0,0.7,202.2,2.25,0.2
32,No,Non-Travel,Research & Development,1,3,Life Sciences,4,Male,3,1,Laboratory Technician,4,Divorced,2314,0,No,12,3,2,1,4,2,3,3,0,0,2,0.75,0.0,578.5,3.25,0.0
25,No,Travel_Rarely,Sales,4,1,Marketing,3,Male,2,2,Sales Executive,1,Married,4256,1,No,12,3,1,0,5,1,4,5,2,0,3,1.0,0.0,851.2,2.25,0.4
49,No,Travel_Rarely,Research & Development,1,3,Technical Degree,3,Female,3,1,Research Scientist,1,Married,3580,2,No,16,3,2,1,7,2,3,4,2,0,2,0.5714285714285714,0.0,511.42857142857144,2.25,0.5
24,No,Non-Travel,Research & Development,4,1,Life Sciences,1,Male,2,1,Laboratory Technician,4,Married,3162,0,No,17,3,4,0,6,2,2,5,2,3,4,0.8333333333333334,0.6,527.0,2.75,0.4
32,No,Travel_Frequently,Sales,5,2,Life Sciences,2,Male,3,2,Sales Executive,2,Married,6524,1,No,14,3,4,1,10,3,3,10,8,5,3,1.0,0.5,652.4,2.75,0.8
38,No,Travel_Rarely,Sales,9,3,Marketing,2,Male,2,1,Sales Representative,2,Married,2899,0,No,19,3,4,1,3,3,3,2,2,1,2,0.6666666666666666,0.5,966.3333333333334,2.75,1.0
42,No,Travel_Rarely,Research & Development,3,3,Life Sciences,3,Female,4,2,Laboratory Technician,4,Married,5231,2,Yes,13,3,2,1,17,1,2,5,3,1,3,0.29411764705882354,0.2,307.70588235294116,2.75,0.6
31,No,Travel_Rarely,Research & Development,11,4,Life Sciences,4,Male,3,1,Research Scientist,4,Married,2356,3,Yes,19,3,2,1,8,2,3,6,4,0,2,0.75,0.0,294.5,3.25,0.6666666666666666
29,Yes,Travel_Rarely,Sales,1,3,Medical,2,Female,2,1,Sales Representative,3,Divorced,2800,6,Yes,19,3,3,3,5,3,3,3,2,0,2,0.6,0.0,560.0,2.75,0.6666666666666666
53,No,Travel_Rarely,Sales,8,3,Marketing,1,Male,3,4,Sales Executive,4,Married,11836,5,No,14,3,3,1,28,3,3,2,0,2,2,0.07142857142857142,1.0,422.7142857142857,2.75,0.0
35,No,Travel_Rarely,Research & Development,25,3,Technical Degree,4,Male,2,3,Manufacturing Director,2,Married,10903,3,No,16,3,1,0,16,2,3,13,10,4,8,0.8125,0.3076923076923077,681.4375,2.5,0.7692307692307693
37,No,Travel_Frequently,Sales,21,2,Medical,3,Female,3,1,Sales Representative,4,Married,2973,5,No,15,3,2,1,10,3,3,5,4,0,0,0.5,0.0,297.3,3.0,0.8
53,No,Travel_Rarely,Research & Development,23,4,Life Sciences,4,Female,3,4,Research Director,4,Single,14275,6,No,18,3,3,0,33,0,3,12,9,3,8,0.36363636363636365,0.25,432.57575757575756,3.5,0.75
43,No,Travel_Frequently,Research & Development,1,3,Life Sciences,4,Female,3,2,Healthcare Representative,4,Married,5562,4,No,13,3,2,1,12,2,2,5,2,2,2,0.4166666666666667,0.4,463.5,3.0,0.4
47,No,Travel_Rarely,Sales,2,2,Marketing,3,Female,3,2,Sales Executive,4,Married,4537,0,Yes,22,4,1,1,8,2,3,7,6,7,7,0.875,1.0,567.125,2.75,0.8571428571428571
37,No,Non-Travel,Sales,19,2,Medical,1,Male,3,3,Sales Executive,2,Single,7642,1,Yes,13,3,4,0,10,2,3,10,0,0,9,1.0,0.0,764.2,2.5,0.0
50,No,Non-Travel,Research & Development,2,4,Life Sciences,1,Male,3,4,Manager,1,Divorced,17924,1,No,11,3,4,1,31,3,3,31,6,14,7,1.0,0.45161290322580644,578.1935483870968,2.25,0.1935483870967742
39,No,Travel_Rarely,Human Resources,2,3,Life Sciences,4,Female,2,2,Human Resources,4,Married,5204,8,No,11,3,3,2,13,2,3,5,4,0,4,0.38461538461538464,0.0,400.3076923076923,3.5,0.8
33,No,Travel_Rarely,Human Resources,3,2,Human Resources,4,Male,3,1,Human Resources,2,Divorced,2277,3,Yes,11,3,3,1,7,4,4,4,3,0,3,0.5714285714285714,0.0,325.2857142857143,3.25,0.75
32,Yes,Travel_Rarely,Research & Development,25,4,Life Sciences,1,Male,3,1,Laboratory Technician,4,Single,2795,1,Yes,24,4,3,0,1,2,1,1,0,0,1,1.0,0.0,2795.0,2.25,0.0
29,No,Travel_Rarely,Research & Development,7,1,Medical,1,Female,2,1,Laboratory Technician,4,Divorced,2532,6,No,14,3,3,3,8,5,3,4,3,0,3,0.5,0.0,316.5,2.75,0.75
44,No,Travel_Rarely,Research & Development,9,2,Life Sciences,2,Male,3,1,Research Scientist,1,Married,2559,1,Yes,13,3,4,0,8,0,3,8,7,7,1,1.0,0.875,319.875,2.5,0.875
28,No,Travel_Rarely,Sales,5,4,Medical,1,Male,3,2,Sales Executive,4,Single,4908,1,No,14,3,2,0,4,3,3,4,2,0,2,1.0,0.0,1227.0,2.5,0.5
58,Yes,Travel_Frequently,Research & Development,2,1,Life Sciences,4,Male,2,1,Laboratory Technician,4,Divorced,2380,9,Yes,14,3,4,1,3,3,2,1,0,0,0,0.3333333333333333,0.0,793.3333333333334,3.5,0.0
43,No,Travel_Rarely,Research & Development,8,3,Life Sciences,1,Female,3,2,Manufacturing Director,2,Divorced,4765,4,No,21,4,3,1,4,2,4,1,0,0,0,0.25,0.0,1191.25,2.5,0.0
20,Yes,Travel_Rarely,Sales,2,3,Medical,3,Female,2,1,Sales Representative,3,Single,2044,1,No,13,3,4,0,2,3,2,2,2,0,2,1.0,0.0,1022.0,3.0,1.0
21,Yes,Travel_Rarely,Research & Development,18,1,Other,4,Female,3,1,Research Scientist,4,Single,2693,1,No,19,3,1,0,1,3,2,1,0,0,0,1.0,0.0,2693.0,2.75,0.0
36,No,Travel_Rarely,Research & Development,14,1,Life Sciences,3,Male,3,2,Healthcare Representative,4,Married,6586,0,Yes,17,3,1,1,17,2,2,16,8,4,11,0.9411764705882353,0.25,387.4117647058824,2.5,0.5
47,No,Travel_Rarely,Sales,2,4,Life Sciences,4,Female,2,1,Sales Representative,4,Single,3294,1,Yes,18,3,1,0,3,3,2,3,2,1,2,1.0,0.3333333333333333,1098.0,2.75,0.6666666666666666
22,Yes,Travel_Rarely,Research & Development,3,1,Life Sciences,2,Female,3,2,Manufacturing Director,3,Married,4171,0,Yes,19,3,1,1,4,3,4,3,2,0,2,0.75,0.0,1042.75,2.5,0.6666666666666666
41,Yes,Travel_Rarely,Research & Development,2,4,Life Sciences,2,Female,1,1,Laboratory Technician,4,Divorced,2778,4,Yes,13,3,3,1,10,1,2,7,7,1,0,0.7,0.14285714285714285,277.8,2.75,1.0
28,No,Travel_Rarely,Research & Development,9,3,Medical,3,Female,3,1,Research Scientist,3,Divorced,2377,5,No,18,3,2,1,6,2,3,2,2,2,2,0.3333333333333333,1.0,396.1666666666667,2.75,1.0
39,Yes,Travel_Rarely,Research & Development,6,3,Medical,4,Male,3,1,Laboratory Technician,1,Married,2404,7,Yes,21,4,4,0,8,2,1,2,2,2,2,0.25,1.0,300.5,2.5,1.0
27,No,Travel_Rarely,Research & Development,4,3,Life Sciences,2,Female,3,1,Research Scientist,3,Single,2318,1,No,19,3,3,0,1,2,3,1,1,0,0,1.0,0.0,2318.0,2.75,1.0
34,No,Travel_Rarely,Research & Development,10,3,Life Sciences,2,Male,3,1,Laboratory Technician,2,Divorced,2008,1,No,14,3,2,2,1,3,3,1,0,1,0,1.0,1.0,2008.0,2.25,0.0
42,No,Travel_Rarely,Sales,14,2,Medical,3,Female,2,2,Sales Executive,3,Single,6244,7,No,17,3,1,0,10,6,3,5,4,0,3,0.5,0.0,624.4,2.5,0.8
33,No,Travel_Rarely,Research & Development,1,4,Other,3,Male,2,1,Research Scientist,1,Single,2799,3,Yes,11,3,2,0,6,1,3,3,2,0,2,0.5,0.0,466.5,2.25,0.6666666666666666
58,No,Travel_Rarely,Research & Development,5,3,Technical Degree,3,Female,2,3,Healthcare Representative,2,Divorced,10552,2,Yes,13,3,4,1,24,3,3,6,0,0,4,0.25,0.0,439.6666666666667,3.0,0.0
31,No,Travel_Rarely,Sales,7,4,Life Sciences,2,Male,2,1,Sales Representative,3,Married,2329,3,No,15,3,2,0,13,2,4,7,7,5,2,0.5384615384615384,0.7142857142857143,179.15384615384616,2.75,1.0
35,No,Travel_Rarely,Research & Development,21,1,Life Sciences,4,Female,3,2,Healthcare Representative,4,Married,4014,1,Yes,25,4,4,1,10,2,1,10,6,0,7,1.0,0.0,401.4,3.25,0.6
49,No,Travel_Rarely,Research & Development,8,2,Other,1,Female,3,3,Laboratory Technician,2,Married,7403,4,No,11,3,3,1,29,3,2,26,9,1,7,0.896551724137931,0.038461538461538464,255.27586206896552,2.0,0.34615384615384615
48,No,Travel_Rarely,Research & Development,20,4,Medical,4,Male,3,1,Research Scientist,3,Married,2259,4,No,17,3,1,2,13,2,2,0,0,0,0,0.0,0.0,173.76923076923077,2.5,0.0
31,No,Non-Travel,Sales,20,2,Marketing,4,Female,3,2,Sales Executive,3,Married,6932,1,No,13,3,4,1,9,2,2,9,8,0,0,1.0,0.0,770.2222222222222,3.25,0.8888888888888888
36,No,Travel_Rarely,Research & Development,7,4,Other,2,Male,3,1,Research Scientist,4,Single,4678,2,No,18,3,3,0,8,6,3,6,2,0,1,0.75,0.0,584.75,3.0,0.3333333333333333
38,No,Travel_Rarely,Research & Development,1,3,Technical Degree,4,Female,3,3,Research Director,1,Married,13582,1,No,13,3,2,1,15,3,3,15,12,5,11,1.0,0.3333333333333333,905.4666666666667,2.5,0.8
32,No,Non-Travel,Research & Development,1,3,Life Sciences,3,Female,2,1,Laboratory Technician,2,Married,2332,6,No,20,4,3,0,5,3,3,3,0,0,2,0.6,0.0,466.4,2.75,0.0
25,Yes,Travel_Rarely,Sales,19,2,Marketing,3,Male,2,1,Sales Representative,2,Married,2413,1,Yes,18,3,3,3,1,2,3,1,0,0,0,1.0,0.0,2413.0,2.75,0.0
40,No,Travel_Rarely,Sales,10,4,Marketing,1,Male,2,3,Sales Executive,2,Divorced,9705,2,No,12,3,2,1,11,2,2,1,0,0,0,0.09090909090909091,0.0,882.2727272727273,1.75,0.0
26,No,Travel_Frequently,Sales,1,3,Medical,3,Male,2,2,Sales Executive,1,Single,4294,1,No,12,3,2,0,7,2,3,7,7,0,7,1.0,0.0,613.4285714285714,2.25,1.0
41,No,Travel_Rarely,Research & Development,6,3,Medical,4,Male,3,1,Laboratory Technician,1,Single,4721,2,Yes,13,3,3,0,20,3,3,18,13,2,17,0.9,0.1111111111111111,236.05,2.75,0.7222222222222222
36,No,Travel_Rarely,Research & Development,2,4,Medical,3,Male,3,1,Laboratory Technician,3,Single,2519,4,No,21,4,3,0,16,6,3,11,8,3,9,0.6875,0.2727272727272727,157.4375,3.0,0.7272727272727273
19,Yes,Travel_Rarely,Sales,21,3,Other,4,Male,2,1,Sales Representative,2,Single,2121,1,Yes,13,3,2,0,1,3,4,1,0,0,0,1.0,0.0,2121.0,3.0,0.0
20,Yes,Travel_Rarely,Research & Development,4,3,Technical Degree,1,Male,3,1,Laboratory Technician,1,Single,2973,1,No,19,3,2,0,1,2,3,1,0,0,0,1.0,0.0,2973.0,1.75,0.0
31,No,Travel_Rarely,Research & Development,12,3,Medical,4,Female,3,2,Healthcare Representative,4,Married,5855,0,Yes,11,3,3,2,10,2,1,9,7,8,5,0.9,0.8888888888888888,585.5,3.0,0.7777777777777778
40,No,Travel_Frequently,Research & Development,9,4,Medical,4,Male,3,1,Research Scientist,2,Divorced,3617,8,Yes,14,3,4,1,3,2,3,1,1,0,0,0.3333333333333333,0.0,1205.6666666666667,3.25,1.0
32,No,Travel_Rarely,Research & Development,3,4,Medical,3,Female,3,2,Manufacturing Director,1,Married,6725,1,No,12,3,3,1,8,2,4,8,7,6,3,1.0,0.75,840.625,2.75,0.875
36,Yes,Travel_Rarely,Sales,3,1,Life Sciences,3,Male,2,3,Sales Executive,4,Married,10325,1,Yes,11,3,1,1,16,6,3,16,7,3,7,1.0,0.1875,645.3125,2.75,0.4375
33,No,Travel_Rarely,Research & Development,1,3,Life Sciences,2,Female,2,2,Healthcare Representative,4,Single,6949,0,No,14,3,1,0,6,3,3,5,0,1,4,0.8333333333333334,0.2,1158.1666666666667,2.5,0.0
37,Yes,Travel_Rarely,Sales,1,4,Life Sciences,1,Male,2,3,Sales Executive,3,Married,10609,5,No,11,3,3,0,17,2,1,14,1,11,7,0.8235294117647058,0.7857142857142857,624.0588235294117,2.0,0.07142857142857142
45,No,Non-Travel,Research & Development,4,2,Life Sciences,3,Male,3,2,Laboratory Technician,2,Married,4447,1,No,12,3,2,0,9,5,2,9,7,0,8,1.0,0.0,494.1111111111111,2.25,0.7777777777777778
29,No,Travel_Frequently,Sales,20,3,Technical Degree,3,Female,3,1,Sales Representative,4,Married,2157,1,No,15,3,2,1,3,5,3,3,1,0,2,1.0,0.0,719.0,3.0,0.3333333333333333
35,No,Travel_Rarely,Sales,18,3,Medical,3,Female,3,2,Sales Executive,3,Married,4601,1,No,16,3,2,0,5,3,3,5,2,1,0,1.0,0.2,920.2,2.75,0.4
52,No,Travel_Rarely,Research & Development,1,2,Life Sciences,4,Male,3,4,Manager,4,Married,17099,2,No,15,3,2,1,26,2,2,9,8,7,8,0.34615384615384615,0.7777777777777778,657.6538461538462,3.0,0.8888888888888888
58,Yes,Travel_Rarely,Research & Development,2,3,Technical Degree,4,Male,3,1,Research Scientist,3,Single,2479,4,No,24,4,1,0,7,4,3,1,0,0,0,0.14285714285714285,0.0,354.14285714285717,2.75,0.0
53,No,Travel_Rarely,Sales,2,2,Medical,3,Male,3,4,Manager,3,Divorced,14852,6,No,13,3,3,1,22,3,4,17,13,15,2,0.7727272727272727,0.8823529411764706,675.0909090909091,3.25,0.7647058823529411
30,No,Travel_Rarely,Sales,8,2,Other,3,Male,3,3,Sales Executive,3,Divorced,7264,5,No,11,3,1,1,10,2,4,8,4,7,7,0.8,0.875,726.4,2.75,0.5
38,No,Non-Travel,Sales,10,3,Technical Degree,3,Female,3,2,Sales Executive,4,Single,5666,1,Yes,13,3,2,0,6,1,3,5,3,1,3,0.8333333333333334,0.2,944.3333333333334,3.0,0.6
35,No,Travel_Rarely,Sales,3,4,Life Sciences,4,Male,3,3,Sales Executive,4,Divorced,7823,6,No,13,3,2,1,12,2,3,10,9,0,8,0.8333333333333334,0.0,651.9166666666666,3.25,0.9
39,No,Travel_Rarely,Sales,2,5,Life Sciences,1,Male,4,3,Sales Executive,3,Single,7880,0,No,18,3,4,0,9,3,3,8,7,0,7,0.8888888888888888,0.0,875.5555555555555,2.75,0.875
40,Yes,Non-Travel,Sales,24,3,Life Sciences,2,Female,4,4,Sales Executive,2,Single,13194,4,Yes,16,3,4,0,22,2,2,1,0,0,0,0.045454545454545456,0.0,599.7272727272727,2.5,0.0
47,No,Travel_Frequently,Research & Development,16,4,Medical,3,Male,4,2,Manufacturing Director,3,Divorced,5067,1,Yes,19,3,3,0,20,3,4,19,10,2,7,0.95,0.10526315789473684,253.35,3.25,0.5263157894736842
36,No,Non-Travel,Sales,8,4,Technical Degree,1,Male,3,2,Sales Executive,4,Divorced,5079,4,No,13,3,4,2,12,3,3,7,7,0,7,0.5833333333333334,0.0,423.25,3.0,1.0
31,Yes,Non-Travel,Research & Development,9,2,Medical,3,Male,2,1,Research Scientist,1,Single,2321,0,Yes,22,4,1,0,4,0,3,3,2,1,2,0.75,0.3333333333333333,580.25,2.0,0.6666666666666666
33,No,Non-Travel,Sales,17,3,Life Sciences,4,Male,3,4,Manager,3,Single,17444,1,No,11,3,4,0,10,2,3,10,8,6,0,1.0,0.6,1744.4,3.5,0.8
29,Yes,Travel_Rarely,Research & Development,10,3,Life Sciences,4,Female,2,1,Research Scientist,1,Single,2404,6,Yes,20,4,3,0,3,5,3,0,0,0,0,0.0,0.0,801.3333333333334,2.75,0.0
33,No,Travel_Rarely,Research & Development,13,1,Life Sciences,2,Female,3,1,Research Scientist,4,Single,3452,3,No,18,3,1,0,5,4,3,3,2,0,2,0.6,0.0,690.4,2.5,0.6666666666666666
45,No,Travel_Rarely,Research & Development,1,4,Medical,4,Female,3,1,Laboratory Technician,4,Divorced,2270,3,No,14,3,4,2,8,2,3,5,3,0,2,0.625,0.0,283.75,3.75,0.6
50,No,Travel_Rarely,Research & Development,1,2,Medical,4,Male,3,4,Research Director,4,Divorced,17399,9,No,22,4,3,1,32,1,2,5,4,1,3,0.15625,0.2,543.71875,3.25,0.8
33,No,Travel_Frequently,Research & Development,1,4,Other,3,Female,4,2,Healthcare Representative,2,Married,5488,1,Yes,13,3,1,1,6,2,3,6,5,1,2,1.0,0.16666666666666666,914.6666666666666,2.25,0.8333333333333334
41,No,Travel_Frequently,Research & Development,9,3,Medical,1,Male,3,5,Research Director,3,Divorced,19419,2,No,17,3,2,1,21,2,4,18,16,0,11,0.8571428571428571,0.0,924.7142857142857,2.5,0.8888888888888888
27,No,Travel_Rarely,Research & Development,16,4,Technical Degree,3,Female,3,1,Laboratory Technician,2,Married,2811,9,No,14,3,2,1,4,2,3,2,2,2,2,0.5,1.0,702.75,2.5,1.0
45,No,Non-Travel,Research & Development,23,2,Life Sciences,4,Male,3,2,Laboratory Technician,1,Married,3633,1,Yes,15,3,3,1,9,2,3,9,8,0,8,1.0,0.0,403.6666666666667,2.75,0.8888888888888888
47,No,Travel_Rarely,Sales,4,2,Life Sciences,4,Female,3,2,Sales Executive,4,Single,4163,1,Yes,17,3,3,0,9,0,3,9,0,0,7,1.0,0.0,462.55555555555554,3.5,0.0
30,Yes,Travel_Rarely,Research & Development,22,3,Life Sciences,1,Female,3,1,Research Scientist,3,Married,2132,4,Yes,11,3,2,0,7,2,3,5,2,0,1,0.7142857142857143,0.0,304.57142857142856,2.25,0.4
50,No,Travel_Rarely,Research & Development,24,3,Life Sciences,4,Male,3,4,Manufacturing Director,3,Married,13973,3,Yes,18,3,4,1,22,2,3,12,11,1,5,0.5454545454545454,0.08333333333333333,635.1363636363636,3.5,0.9166666666666666
38,No,Travel_Frequently,Research & Development,10,1,Medical,3,Male,3,1,Research Scientist,3,Married,2684,0,No,17,3,2,1,3,0,2,2,1,0,2,0.6666666666666666,0.0,894.6666666666666,2.5,0.5
46,No,Travel_Rarely,Research & Development,7,2,Medical,4,Male,3,3,Manufacturing Director,3,Divorced,10845,6,No,13,3,2,1,13,3,3,8,7,0,7,0.6153846153846154,0.0,834.2307692307693,3.0,0.875
24,No,Travel_Rarely,Research & Development,17,1,Medical,4,Female,2,2,Manufacturing Director,3,Divorced,4377,1,No,15,3,2,2,5,6,3,4,2,3,2,0.8,0.75,875.4,3.0,0.5
35,Yes,Travel_Rarely,Research & Development,14,4,Other,3,Male,2,1,Laboratory Technician,2,Divorced,3743,1,Yes,24,4,4,1,5,2,1,4,2,0,2,0.8,0.0,748.6,2.5,0.5
31,No,Travel_Frequently,Research & Development,1,1,Life Sciences,3,Female,3,2,Manufacturing Director,1,Married,4148,1,No,12,3,3,1,4,1,3,4,3,0,3,1.0,0.0,1037.0,2.5,0.75
18,No,Non-Travel,Research & Development,5,2,Life Sciences,2,Male,3,1,Research Scientist,4,Single,1051,1,No,15,3,4,0,0,2,3,0,0,0,0,0.0,0.0,1051.0,3.25,0.0
54,No,Travel_Rarely,Research & Development,17,3,Technical Degree,3,Female,3,3,Manufacturing Director,3,Married,10739,8,No,11,3,3,1,22,2,3,10,7,0,8,0.45454545454545453,0.0,488.1363636363636,3.0,0.7
35,No,Travel_Rarely,Research & Development,25,4,Medical,3,Female,3,3,Healthcare Representative,3,Divorced,10388,1,Yes,11,3,3,1,16,3,2,16,10,10,1,1.0,0.625,649.25,2.75,0.625
30,No,Travel_Rarely,Research & Development,8,2,Life Sciences,2,Female,4,3,Research Director,1,Married,11416,0,Yes,12,3,3,3,9,4,2,8,7,1,7,0.8888888888888888,0.125,1268.4444444444443,2.0,0.875
20,Yes,Travel_Rarely,Research & Development,11,3,Medical,4,Female,2,1,Research Scientist,1,Single,2600,1,Yes,15,3,1,0,1,2,3,1,0,0,0,1.0,0.0,2600.0,2.25,0.0
30,Yes,Travel_Frequently,Research & Development,5,3,Medical,2,Female,3,1,Laboratory Technician,2,Single,2422,0,No,17,3,1,0,4,3,3,3,2,1,2,0.75,0.3333333333333333,605.5,2.0,0.6666666666666666
26,No,Travel_Rarely,Research & Development,2,2,Medical,4,Male,4,2,Manufacturing Director,4,Married,5472,1,No,12,3,2,0,8,2,3,8,7,1,3,1.0,0.125,684.0,3.25,0.875
22,No,Travel_Rarely,Research & Development,8,1,Life Sciences,2,Male,1,1,Laboratory Technician,1,Married,2451,1,No,15,3,1,1,4,3,2,4,3,1,1,1.0,0.25,612.75,1.5,0.75
48,No,Travel_Rarely,Research & Development,6,3,Life Sciences,1,Male,2,2,Healthcare Representative,3,Single,4240,2,No,13,3,4,0,19,0,3,2,2,2,2,0.10526315789473684,1.0,223.1578947368421,2.75,1.0
48,No,Travel_Rarely,Research & Development,4,4,Life Sciences,3,Male,2,3,Healthcare Representative,3,Single,10999,7,No,14,3,2,0,27,3,3,15,11,4,8,0.5555555555555556,0.26666666666666666,407.3703703703704,2.75,0.7333333333333333
41,No,Travel_Rarely,Research & Development,7,2,Medical,4,Female,3,2,Manufacturing Director,3,Single,5003,6,No,14,3,2,0,8,6,3,2,2,2,1,0.25,1.0,625.375,3.0,1.0
39,No,Travel_Rarely,Research & Development,1,1,Life Sciences,4,Female,2,4,Manufacturing Director,4,Married,12742,1,No,16,3,3,1,21,3,3,21,6,11,8,1.0,0.5238095238095238,606.7619047619048,3.5,0.2857142857142857
27,No,Travel_Rarely,Research & Development,2,4,Life Sciences,1,Female,3,2,Manufacturing Director,4,Married,4227,0,No,18,3,2,1,4,2,3,3,2,2,2,0.75,0.6666666666666666,1056.75,2.5,0.6666666666666666
35,No,Travel_Rarely,Research & Development,10,3,Other,2,Male,3,1,Laboratory Technician,4,Divorced,3917,1,No,20,4,1,1,3,4,2,3,2,1,2,1.0,0.3333333333333333,1305.6666666666667,2.25,0.6666666666666666
42,No,Travel_Rarely,Sales,5,2,Marketing,4,Male,3,5,Manager,3,Married,18303,6,No,13,3,2,0,21,3,4,1,0,0,0,0.047619047619047616,0.0,871.5714285714286,3.25,0.0
50,No,Travel_Rarely,Research & Development,9,3,Life Sciences,1,Male,3,1,Laboratory Technician,4,Married,2380,4,No,18,3,2,0,8,5,3,1,0,0,0,0.125,0.0,297.5,2.5,0.0
59,No,Travel_Rarely,Research & Development,2,3,Life Sciences,3,Female,2,4,Manufacturing Director,4,Single,13726,3,Yes,13,3,1,0,30,4,3,5,3,4,3,0.16666666666666666,0.8,457.53333333333336,2.75,0.6
37,Yes,Travel_Rarely,Research & Development,11,2,Medical,1,Female,1,2,Healthcare Representative,2,Married,4777,5,No,15,3,1,0,15,2,1,1,0,0,0,0.06666666666666667,0.0,318.46666666666664,1.25,0.0
55,No,Travel_Frequently,Research & Development,18,4,Medical,3,Male,3,2,Healthcare Representative,2,Married,6385,3,Yes,14,3,4,2,17,3,3,8,7,6,7,0.47058823529411764,0.75,375.5882352941176,3.0,0.875
41,No,Non-Travel,Research & Development,7,1,Life Sciences,2,Female,1,5,Research Director,3,Divorced,19973,1,No,22,4,2,2,21,3,3,21,16,5,10,1.0,0.23809523809523808,951.0952380952381,2.5,0.7619047619047619
38,No,Travel_Rarely,Sales,3,4,Life Sciences,2,Male,3,2,Sales Executive,4,Single,6861,8,Yes,12,3,3,0,19,1,3,1,0,0,0,0.05263157894736842,0.0,361.10526315789474,3.0,0.0
26,Yes,Non-Travel,Sales,29,2,Medical,2,Male,1,2,Sales Executive,1,Single,4969,8,No,18,3,4,0,7,6,3,2,2,2,2,0.2857142857142857,1.0,709.8571428571429,2.5,1.0
52,Yes,Travel_Rarely,Sales,2,1,Marketing,1,Female,1,5,Manager,4,Married,19845,1,No,15,3,4,1,33,3,3,32,14,6,9,0.9696969696969697,0.1875,601.3636363636364,3.0,0.4375
44,No,Travel_Rarely,Sales,28,3,Medical,4,Female,4,4,Sales Executive,4,Married,13320,3,Yes,18,3,3,1,23,2,3,12,11,11,11,0.5217391304347826,0.9166666666666666,579.1304347826087,3.5,0.9166666666666666
50,No,Non-Travel,Sales,1,3,Life Sciences,4,Female,3,2,Sales Executive,3,Married,6347,0,No,12,3,1,1,19,3,3,18,7,0,13,0.9473684210526315,0.0,334.05263157894734,2.75,0.3888888888888889
36,Yes,Travel_Rarely,Research & Development,16,4,Life Sciences,3,Female,4,1,Laboratory Technician,1,Single,2743,1,No,16,3,3,0,18,1,3,17,13,15,14,0.9444444444444444,0.8823529411764706,152.38888888888889,2.5,0.7647058823529411
39,No,Travel_Frequently,Research & Development,22,3,Medical,4,Female,3,3,Manufacturing Director,1,Single,10880,1,Yes,13,3,3,0,21,2,3,21,6,2,8,1.0,0.09523809523809523,518.0952380952381,2.75,0.2857142857142857
33,No,Non-Travel,Sales,8,1,Life Sciences,2,Female,2,1,Sales Representative,4,Single,2342,0,No,19,3,4,0,3,2,2,2,2,2,2,0.6666666666666666,1.0,780.6666666666666,3.0,1.0
45,No,Travel_Rarely,Sales,11,2,Life Sciences,4,Female,3,4,Manager,4,Married,17650,3,No,13,3,2,1,26,4,4,9,3,1,1,0.34615384615384615,0.1111111111111111,678.8461538461538,3.5,0.3333333333333333
32,No,Non-Travel,Research & Development,29,4,Medical,4,Female,3,1,Laboratory Technician,3,Single,4025,9,No,12,3,2,0,10,2,3,8,7,7,7,0.8,0.875,402.5,3.0,0.875
34,No,Travel_Rarely,Sales,1,4,Marketing,2,Male,4,2,Sales Executive,4,Divorced,9725,0,No,11,3,4,1,16,2,2,15,1,0,9,0.9375,0.0,607.8125,3.0,0.06666666666666667
59,No,Travel_Rarely,Sales,1,2,Technical Degree,2,Male,3,3,Manager,4,Married,11904,3,Yes,14,3,3,1,14,1,1,6,4,0,4,0.42857142857142855,0.0,850.2857142857143,2.5,0.6666666666666666
45,No,Travel_Rarely,Human Resources,24,4,Medical,2,Male,3,1,Human Resources,2,Single,2177,1,No,16,3,1,0,6,3,3,6,3,0,4,1.0,0.0,362.8333333333333,2.0,0.5
53,No,Travel_Frequently,Sales,2,3,Marketing,3,Female,2,3,Sales Executive,2,Married,7525,2,No,12,3,1,1,30,2,3,15,7,6,12,0.5,0.4,250.83333333333334,2.25,0.4666666666666667
36,Yes,Travel_Rarely,Research & Development,15,3,Other,1,Male,3,2,Laboratory Technician,3,Divorced,4834,7,No,14,3,2,1,9,3,2,1,0,0,0,0.1111111111111111,0.0,537.1111111111111,2.0,0.0
26,Yes,Travel_Frequently,Research & Development,2,3,Life Sciences,1,Male,3,1,Research Scientist,1,Married,2042,6,Yes,14,3,2,1,6,2,3,3,2,1,2,0.5,0.3333333333333333,340.3333333333333,1.75,0.6666666666666666
34,No,Travel_Rarely,Sales,10,4,Life Sciences,3,Female,3,1,Sales Representative,3,Married,2220,1,Yes,19,3,4,1,1,2,3,1,1,0,0,1.0,0.0,2220.0,3.25,1.0
28,No,Travel_Rarely,Sales,10,1,Medical,4,Male,3,1,Sales Representative,2,Married,1052,1,No,22,4,2,0,1,5,3,1,0,0,0,1.0,0.0,1052.0,2.75,0.0
38,No,Travel_Frequently,Research & Development,3,4,Other,3,Male,3,1,Research Scientist,3,Married,2821,3,No,16,3,1,1,8,2,3,2,2,2,2,0.25,1.0,352.625,2.5,1.0
50,No,Travel_Rarely,Research & Development,2,4,Medical,2,Male,3,5,Research Director,3,Married,19237,2,Yes,11,3,4,1,29,2,2,8,1,7,7,0.27586206896551724,0.875,663.3448275862069,2.75,0.125
37,No,Travel_Rarely,Research & Development,3,3,Other,4,Female,3,2,Healthcare Representative,2,Single,4107,3,No,15,3,1,0,8,3,2,4,3,0,1,0.5,0.0,513.375,2.25,0.75
40,No,Travel_Rarely,Sales,26,3,Marketing,3,Male,3,2,Sales Executive,1,Married,8396,1,No,14,3,2,1,8,3,2,7,7,7,5,0.875,1.0,1049.5,2.0,1.0
26,No,Travel_Frequently,Research & Development,1,1,Medical,1,Female,2,1,Research Scientist,3,Divorced,2007,1,No,13,3,3,2,5,5,3,5,3,1,3,1.0,0.2,401.4,2.5,0.6
46,No,Travel_Rarely,Research & Development,1,4,Medical,4,Male,3,5,Research Director,4,Divorced,19627,9,No,17,3,4,2,23,0,3,2,2,2,2,0.08695652173913043,1.0,853.3478260869565,3.75,1.0
54,No,Travel_Rarely,Sales,2,4,Life Sciences,3,Female,2,3,Sales Executive,3,Married,10686,6,No,11,3,2,1,13,4,3,9,4,7,0,0.6923076923076923,0.7777777777777778,822.0,2.75,0.4444444444444444
56,No,Travel_Frequently,Research & Development,9,3,Medical,1,Female,3,1,Research Scientist,3,Married,2942,2,No,19,3,2,1,18,4,3,5,4,0,3,0.2777777777777778,0.0,163.44444444444446,2.25,0.8
36,No,Travel_Rarely,Research & Development,12,5,Medical,4,Female,2,3,Manufacturing Director,4,Single,8858,0,No,11,3,2,0,15,2,2,14,8,7,8,0.9333333333333333,0.5,590.5333333333333,3.0,0.5714285714285714
55,No,Non-Travel,Research & Development,2,1,Medical,3,Male,2,4,Manager,1,Single,16756,7,No,15,3,2,0,31,3,4,9,7,6,2,0.2903225806451613,0.6666666666666666,540.516129032258,2.5,0.7777777777777778
43,No,Travel_Rarely,Sales,25,3,Medical,3,Male,2,3,Sales Executive,4,Divorced,10798,5,No,13,3,3,1,18,5,3,1,0,0,0,0.05555555555555555,0.0,599.8888888888889,3.25,0.0
20,Yes,Travel_Frequently,Sales,9,3,Marketing,4,Female,3,1,Sales Representative,4,Single,2323,1,Yes,14,3,2,0,2,3,3,2,2,0,2,1.0,0.0,1161.5,3.25,1.0
21,Yes,Travel_Rarely,Research & Development,10,3,Life Sciences,3,Female,2,1,Laboratory Technician,1,Single,1416,1,No,13,3,1,0,1,6,2,1,0,1,0,1.0,1.0,1416.0,1.75,0.0
46,No,Travel_Rarely,Research & Development,8,4,Life Sciences,4,Female,2,2,Research Scientist,1,Divorced,4615,8,Yes,23,4,1,3,19,2,3,16,13,1,7,0.8421052631578947,0.0625,242.89473684210526,2.25,0.8125
51,Yes,Travel_Rarely,Research & Development,4,4,Life Sciences,1,Male,3,1,Research Scientist,3,Married,2461,9,Yes,12,3,3,3,18,2,4,10,0,2,7,0.5555555555555556,0.2,136.72222222222223,2.75,0.0
28,Yes,Non-Travel,Research & Development,24,2,Technical Degree,2,Male,2,3,Healthcare Representative,1,Single,8722,1,No,12,3,1,0,10,2,2,10,7,1,9,1.0,0.1,872.2,1.5,0.7
26,No,Travel_Rarely,Research & Development,1,2,Medical,1,Male,2,1,Laboratory Technician,1,Married,3955,1,No,16,3,1,2,6,2,3,5,3,1,3,0.8333333333333334,0.2,659.1666666666666,1.5,0.6
30,No,Travel_Rarely,Research & Development,20,3,Other,3,Male,3,2,Manufacturing Director,1,Married,9957,0,No,15,3,3,1,7,1,2,6,2,0,2,0.8571428571428571,0.0,1422.4285714285713,2.25,0.3333333333333333
41,No,Travel_Rarely,Research & Development,7,2,Technical Degree,2,Female,4,1,Research Scientist,3,Married,3376,1,No,13,3,3,0,10,3,3,10,6,0,8,1.0,0.0,337.6,2.75,0.6
38,No,Travel_Rarely,Research & Development,17,1,Life Sciences,3,Female,2,3,Healthcare Representative,3,Married,8823,0,No,18,3,1,1,20,4,2,19,9,1,9,0.95,0.05263157894736842,441.15,2.25,0.47368421052631576
40,No,Travel_Rarely,Research & Development,20,4,Technical Degree,1,Male,3,3,Healthcare Representative,4,Married,10322,4,No,20,4,4,1,14,6,3,11,10,11,1,0.7857142857142857,1.0,737.2857142857143,3.0,0.9090909090909091
27,No,Non-Travel,Research & Development,8,5,Life Sciences,1,Male,1,1,Laboratory Technician,3,Married,4621,1,No,19,3,4,3,3,4,3,3,2,1,2,1.0,0.3333333333333333,1540.3333333333333,2.75,0.6666666666666666
55,No,Travel_Frequently,Research & Development,2,1,Life Sciences,4,Male,3,3,Manufacturing Director,2,Married,10976,3,No,18,3,2,1,23,4,3,3,2,1,2,0.13043478260869565,0.3333333333333333,477.2173913043478,2.75,0.6666666666666666
28,No,Travel_Rarely,Research & Development,10,3,Other,3,Female,3,2,Research Scientist,3,Single,3660,3,No,13,3,4,0,10,4,4,8,7,1,7,0.8,0.125,366.0,3.5,0.875
44,Yes,Travel_Rarely,Human Resources,1,2,Medical,2,Male,2,3,Human Resources,1,Married,10482,9,No,14,3,4,1,24,1,3,20,6,3,6,0.8333333333333334,0.15,436.75,2.5,0.3
33,No,Travel_Rarely,Research & Development,5,3,Life Sciences,4,Male,2,3,Healthcare Representative,4,Divorced,7119,4,No,15,3,3,1,9,2,3,3,2,1,2,0.3333333333333333,0.3333333333333333,791.0,3.5,0.6666666666666666
35,Yes,Travel_Rarely,Sales,4,3,Technical Degree,4,Male,3,3,Sales Executive,1,Single,9582,0,Yes,22,4,1,0,9,2,3,8,7,4,7,0.8888888888888888,0.5,1064.6666666666667,2.25,0.875
33,Yes,Travel_Frequently,Research & Development,29,4,Medical,1,Female,2,2,Research Scientist,3,Single,4508,1,No,22,4,2,0,14,4,3,13,7,3,8,0.9285714285714286,0.23076923076923078,322.0,2.25,0.5384615384615384
28,No,Travel_Rarely,Research & Development,15,2,Life Sciences,1,Male,3,1,Laboratory Technician,3,Divorced,2207,1,No,16,3,4,1,4,5,2,4,2,2,2,1.0,0.5,551.75,2.5,0.5
34,No,Travel_Frequently,Research & Development,3,1,Life Sciences,1,Male,3,2,Healthcare Representative,4,Single,7756,0,No,17,3,3,0,7,1,2,6,2,0,4,0.8571428571428571,0.0,1108.0,2.5,0.3333333333333333
37,No,Travel_Rarely,Sales,10,4,Life Sciences,4,Female,2,2,Sales Executive,4,Divorced,6694,2,Yes,14,3,3,3,8,5,3,1,0,0,0,0.125,0.0,836.75,3.5,0.0
25,Yes,Travel_Rarely,Research & Development,4,1,Technical Degree,4,Male,3,1,Laboratory Technician,4,Married,3691,1,Yes,15,3,2,1,7,3,4,7,7,5,6,1.0,0.7142857142857143,527.2857142857143,3.5,1.0
26,Yes,Travel_Rarely,Research & Development,21,3,Medical,1,Male,3,1,Laboratory Technician,3,Divorced,2377,1,No,20,4,3,1,1,0,2,1,1,0,0,1.0,0.0,2377.0,2.25,1.0
33,Yes,Travel_Rarely,Research & Development,25,3,Medical,1,Male,2,1,Research Scientist,2,Single,2313,4,Yes,20,4,2,0,5,0,3,2,2,2,2,0.4,1.0,462.6,2.0,1.0
42,No,Travel_Rarely,Research & Development,2,2,Medical,4,Male,3,4,Manager,1,Married,17665,0,No,17,3,4,1,23,3,3,22,6,13,7,0.9565217391304348,0.5909090909090909,768.0434782608696,3.0,0.2727272727272727
28,Yes,Travel_Frequently,Research & Development,1,3,Medical,1,Male,2,1,Laboratory Technician,2,Divorced,2596,1,No,15,3,1,2,1,2,3,1,0,0,0,1.0,0.0,2596.0,1.75,0.0
50,Yes,Travel_Frequently,Sales,1,4,Other,4,Male,3,2,Sales Executive,3,Single,4728,3,Yes,14,3,4,0,5,4,3,0,0,0,0,0.0,0.0,945.6,3.5,0.0
33,No,Travel_Frequently,Sales,7,3,Life Sciences,4,Female,3,2,Sales Executive,2,Married,4302,0,No,17,3,3,1,4,3,3,3,2,0,2,0.75,0.0,1075.5,3.0,0.6666666666666666
34,No,Non-Travel,Research & Development,3,4,Life Sciences,3,Male,2,1,Research Scientist,4,Married,2979,3,No,17,3,4,3,6,2,3,0,0,0,0,0.0,0.0,496.5,3.5,0.0
48,No,Non-Travel,Research & Development,1,4,Medical,1,Male,4,4,Manager,4,Single,16885,2,No,22,4,3,0,27,3,2,5,4,2,1,0.18518518518518517,0.4,625.3703703703703,2.5,0.8
45,No,Non-Travel,Sales,9,4,Life Sciences,2,Female,2,2,Sales Executive,3,Married,5593,1,No,13,3,4,1,15,2,3,15,10,4,12,1.0,0.26666666666666666,372.8666666666667,3.0,0.6666666666666666
52,No,Travel_Rarely,Research & Development,7,4,Life Sciences,2,Male,3,3,Healthcare Representative,2,Single,10445,7,No,19,3,4,0,18,4,3,8,6,4,0,0.4444444444444444,0.5,580.2777777777778,2.75,0.75
38,No,Travel_Rarely,Sales,10,4,Marketing,3,Male,2,3,Sales Executive,3,Divorced,8740,0,Yes,14,3,2,2,9,2,3,8,7,2,7,0.8888888888888888,0.25,971.1111111111111,2.75,0.875
29,No,Travel_Rarely,Research & Development,28,4,Life Sciences,3,Female,3,1,Research Scientist,4,Divorced,2514,4,No,22,4,1,1,11,1,3,7,5,1,7,0.6363636363636364,0.14285714285714285,228.54545454545453,2.75,0.7142857142857143
28,No,Travel_Rarely,Research & Development,3,3,Medical,4,Female,3,3,Manufacturing Director,2,Divorced,7655,0,No,17,3,2,3,10,3,2,9,7,1,7,0.9,0.1111111111111111,765.5,2.5,0.7777777777777778
46,No,Travel_Rarely,Sales,3,1,Marketing,1,Male,3,4,Manager,3,Married,17465,3,No,12,3,4,1,23,3,3,12,9,4,9,0.5217391304347826,0.3333333333333333,759.3478260869565,2.75,0.75
38,No,Travel_Rarely,Sales,2,2,Marketing,4,Male,3,3,Sales Executive,2,Single,7351,7,No,16,3,3,0,10,2,3,1,0,0,0,0.1,0.0,735.1,3.0,0.0
43,No,Travel_Frequently,Research & Development,27,3,Life Sciences,3,Female,3,3,Manufacturing Director,1,Married,10820,8,No,11,3,3,1,18,1,3,8,7,0,1,0.4444444444444444,0.0,601.1111111111111,2.5,0.875
39,Yes,Travel_Frequently,Research & Development,2,3,Life Sciences,1,Male,3,4,Healthcare Representative,4,Divorced,12169,7,No,11,3,4,3,21,4,3,18,7,11,5,0.8571428571428571,0.6111111111111112,579.4761904761905,3.0,0.3888888888888889
40,No,Travel_Rarely,Research & Development,14,3,Medical,3,Male,2,5,Research Director,3,Single,19626,1,No,14,3,1,0,21,2,4,20,7,4,9,0.9523809523809523,0.2,934.5714285714286,2.75,0.35
21,No,Travel_Rarely,Research & Development,1,1,Technical Degree,4,Female,2,1,Research Scientist,2,Single,2070,1,Yes,11,3,3,0,2,6,4,2,2,2,2,1.0,1.0,1035.0,3.25,1.0
39,No,Non-Travel,Research & Development,9,3,Life Sciences,3,Male,3,2,Laboratory Technician,2,Single,6782,9,No,15,3,3,0,9,2,2,5,4,0,3,0.5555555555555556,0.0,753.5555555555555,2.5,0.8
36,No,Non-Travel,Research & Development,18,4,Life Sciences,1,Male,3,2,Manufacturing Director,4,Single,7779,2,No,20,4,1,0,18,0,3,11,9,0,9,0.6111111111111112,0.0,432.1666666666667,2.25,0.8181818181818182
31,No,Travel_Frequently,Sales,20,3,Life Sciences,3,Male,4,1,Sales Representative,4,Married,2791,0,No,12,3,1,1,3,4,3,2,2,2,2,0.6666666666666666,1.0,930.3333333333334,2.75,1.0
28,No,Travel_Rarely,Research & Development,2,1,Life Sciences,1,Male,2,1,Research Scientist,2,Married,3201,0,No,17,3,1,0,6,2,1,5,3,0,4,0.8333333333333334,0.0,533.5,1.25,0.6
35,No,Travel_Frequently,Sales,11,2,Marketing,4,Male,3,2,Sales Executive,4,Divorced,4968,1,No,11,3,4,1,5,3,3,5,2,0,2,1.0,0.0,993.6,3.75,0.4
49,No,Travel_Rarely,Sales,8,4,Technical Degree,4,Male,2,4,Sales Executive,2,Married,13120,6,No,17,3,2,1,22,3,3,9,8,2,3,0.4090909090909091,0.2222222222222222,596.3636363636364,2.75,0.8888888888888888
34,No,Travel_Frequently,Research & Development,2,2,Life Sciences,4,Male,3,2,Manufacturing Director,3,Single,4033,2,No,11,3,4,0,5,3,2,3,2,0,2,0.6,0.0,806.6,3.25,0.6666666666666666
29,No,Travel_Frequently,Research & Development,10,3,Life Sciences,4,Female,3,1,Research Scientist,2,Divorced,3291,0,No,14,3,4,2,8,2,2,7,5,1,1,0.875,0.14285714285714285,411.375,3.0,0.7142857142857143
42,No,Travel_Rarely,Research & Development,29,3,Medical,2,Male,1,2,Laboratory Technician,4,Single,4272,4,No,19,3,1,0,16,3,3,1,0,0,0,0.0625,0.0,267.0,2.5,0.0
29,No,Travel_Rarely,Research & Development,8,1,Medical,2,Male,2,2,Manufacturing Director,4,Married,5056,1,Yes,15,3,3,1,10,2,2,10,7,1,2,1.0,0.1,505.6,2.75,0.7
38,No,Travel_Rarely,Human Resources,1,3,Human Resources,3,Male,4,1,Human Resources,3,Married,2844,1,No,13,3,4,1,7,2,4,7,6,5,0,1.0,0.7142857142857143,406.2857142857143,3.5,0.8571428571428571
28,No,Travel_Frequently,Research & Development,6,3,Life Sciences,3,Male,2,1,Research Scientist,3,Divorced,2703,1,Yes,14,3,4,1,3,2,3,3,1,0,2,1.0,0.0,901.0,3.25,0.3333333333333333
18,Yes,Non-Travel,Research & Development,8,1,Medical,3,Male,3,1,Laboratory Technician,3,Single,1904,1,No,12,3,4,0,0,0,3,0,0,0,0,0.0,0.0,1904.0,3.25,0.0
33,Yes,Travel_Rarely,Sales,9,4,Marketing,1,Female,3,2,Sales Executive,1,Single,8224,0,Yes,17,3,1,0,6,3,3,5,2,0,3,0.8333333333333334,0.0,1370.6666666666667,1.5,0.4
41,No,Travel_Rarely,Research & Development,12,4,Life Sciences,2,Male,3,1,Laboratory Technician,4,Married,4766,3,Yes,11,3,1,1,6,4,3,1,0,0,0,0.16666666666666666,0.0,794.3333333333334,2.5,0.0
31,Yes,Travel_Frequently,Research & Development,15,3,Medical,3,Male,3,1,Laboratory Technician,3,Married,2610,1,No,12,3,3,1,2,5,2,2,2,2,2,1.0,1.0,1305.0,2.75,1.0
37,No,Travel_Rarely,Research & Development,25,2,Medical,3,Female,2,2,Healthcare Representative,4,Divorced,5731,7,No,13,3,3,2,9,2,3,6,2,1,3,0.6666666666666666,0.16666666666666666,636.7777777777778,3.25,0.3333333333333333
27,No,Travel_Rarely,Research & Development,6,3,Life Sciences,4,Male,2,1,Research Scientist,3,Married,2539,1,No,13,3,3,1,4,0,3,4,2,2,2,1.0,0.5,634.75,3.25,0.5
34,No,Travel_Rarely,Sales,9,1,Life Sciences,2,Female,3,2,Sales Executive,3,Married,5714,1,No,20,4,1,0,6,3,2,6,5,1,3,1.0,0.16666666666666666,952.3333333333334,2.0,0.8333333333333334
35,No,Travel_Rarely,Human Resources,8,4,Technical Degree,3,Male,3,1,Human Resources,3,Single,4323,1,No,17,3,2,0,6,2,1,5,4,1,4,0.8333333333333334,0.2,720.5,2.25,0.8
29,Yes,Travel_Rarely,Sales,23,1,Life Sciences,4,Female,2,3,Sales Executive,1,Married,7336,1,No,13,3,1,1,11,3,1,11,8,3,10,1.0,0.2727272727272727,666.9090909090909,1.75,0.7272727272727273
40,No,Travel_Frequently,Research & Development,9,4,Medical,2,Female,3,3,Research Director,3,Single,13499,9,No,17,3,3,0,20,3,2,18,7,2,13,0.9,0.1111111111111111,674.95,2.5,0.3888888888888889
42,Yes,Travel_Frequently,Sales,12,3,Life Sciences,3,Male,3,4,Sales Executive,1,Single,13758,0,Yes,12,3,2,0,22,2,2,21,9,13,14,0.9545454545454546,0.6190476190476191,625.3636363636364,2.0,0.42857142857142855
42,No,Travel_Rarely,Sales,4,4,Marketing,2,Male,3,2,Sales Executive,1,Single,5155,7,No,13,3,4,0,9,3,4,6,4,1,5,0.6666666666666666,0.16666666666666666,572.7777777777778,2.75,0.6666666666666666
35,No,Travel_Rarely,Research & Development,1,4,Medical,4,Male,2,1,Laboratory Technician,3,Married,2258,6,No,12,3,2,1,10,2,3,8,0,1,7,0.8,0.125,225.8,3.0,0.0
24,No,Travel_Rarely,Research & Development,24,3,Medical,4,Male,3,1,Laboratory Technician,2,Single,3597,8,No,22,4,4,0,6,2,3,4,3,1,2,0.6666666666666666,0.25,599.5,3.25,0.75
28,Yes,Travel_Rarely,Research & Development,12,1,Life Sciences,3,Female,3,1,Laboratory Technician,4,Married,2515,1,Yes,11,3,4,0,1,4,2,1,1,0,0,1.0,0.0,2515.0,3.25,1.0
26,No,Travel_Rarely,Research & Development,3,4,Medical,1,Male,4,1,Laboratory Technician,4,Married,4420,1,No,22,4,2,1,8,2,3,8,7,0,7,1.0,0.0,552.5,2.5,0.875
30,No,Travel_Rarely,Sales,10,3,Marketing,3,Male,2,2,Sales Executive,3,Married,6578,1,No,18,3,1,1,10,3,3,10,3,1,4,1.0,0.1,657.8,2.5,0.3
40,No,Travel_Frequently,Research & Development,26,2,Medical,3,Female,2,2,Research Scientist,4,Married,4422,3,Yes,13,3,4,1,16,3,1,1,1,0,0,0.0625,0.0,276.375,3.0,1.0
35,No,Travel_Rarely,Research & Development,2,3,Life Sciences,3,Male,2,3,Manufacturing Director,2,Divorced,10274,2,No,18,3,2,1,15,2,4,7,7,6,4,0.4666666666666667,0.8571428571428571,684.9333333333333,2.75,1.0
34,No,Travel_Frequently,Research & Development,1,3,Medical,4,Male,2,2,Healthcare Representative,1,Single,5343,0,No,20,4,3,0,14,3,3,13,9,4,9,0.9285714285714286,0.3076923076923077,381.64285714285717,2.75,0.6923076923076923
35,No,Travel_Frequently,Research & Development,4,4,Other,4,Male,2,1,Laboratory Technician,4,Married,2376,1,No,13,3,2,1,2,2,4,2,2,2,2,1.0,1.0,1188.0,3.5,1.0
43,Yes,Travel_Rarely,Sales,9,3,Marketing,1,Female,1,2,Sales Executive,3,Single,5346,8,No,13,3,2,0,7,2,2,4,3,1,3,0.5714285714285714,0.25,763.7142857142857,2.0,0.75
32,No,Non-Travel,Sales,2,1,Life Sciences,3,Female,3,1,Sales Representative,1,Divorced,2827,1,No,12,3,3,3,1,3,3,1,0,0,0,1.0,0.0,2827.0,2.5,0.0
56,No,Travel_Rarely,Research & Development,4,4,Technical Degree,4,Female,3,5,Manager,1,Divorced,19943,4,No,13,3,4,1,28,2,3,5,2,4,2,0.17857142857142858,0.8,712.25,3.0,0.4
29,No,Travel_Rarely,Research & Development,6,1,Medical,2,Female,3,1,Laboratory Technician,4,Married,3131,1,No,13,3,1,1,10,5,3,10,8,0,8,1.0,0.0,313.1,2.5,0.8
19,No,Travel_Rarely,Research & Development,9,2,Life Sciences,3,Male,3,1,Research Scientist,1,Single,2552,1,No,25,4,3,0,1,4,3,1,1,0,0,1.0,0.0,2552.0,2.5,1.0
45,No,Travel_Rarely,Research & Development,7,3,Medical,1,Female,3,1,Research Scientist,3,Married,4477,4,Yes,19,3,3,1,7,2,2,3,2,0,2,0.42857142857142855,0.0,639.5714285714286,2.25,0.6666666666666666
37,No,Travel_Rarely,Research & Development,1,3,Life Sciences,4,Female,2,2,Manufacturing Director,4,Married,6474,1,No,13,3,2,1,14,2,2,14,8,3,11,1.0,0.21428571428571427,462.42857142857144,3.0,0.5714285714285714
20,No,Travel_Rarely,Research & Development,3,3,Life Sciences,1,Male,2,1,Laboratory Technician,3,Single,3033,1,No,12,3,1,0,2,2,2,2,2,1,2,1.0,0.5,1516.5,1.75,1.0
44,Yes,Travel_Rarely,Research & Development,10,4,Life Sciences,3,Male,3,1,Research Scientist,3,Single,2936,1,Yes,11,3,3,0,6,4,3,6,4,0,2,1.0,0.0,489.3333333333333,3.0,0.6666666666666666
53,No,Travel_Rarely,Research & Development,7,2,Medical,4,Female,3,5,Manager,3,Divorced,18606,3,No,18,3,2,1,26,6,3,7,7,4,7,0.2692307692307692,0.5714285714285714,715.6153846153846,3.0,1.0
29,No,Travel_Rarely,Research & Development,15,1,Life Sciences,2,Female,1,1,Research Scientist,4,Married,2168,0,Yes,18,3,1,1,6,2,2,5,4,1,3,0.8333333333333334,0.2,361.3333333333333,2.25,0.8
22,Yes,Travel_Frequently,Research & Development,3,4,Life Sciences,3,Male,2,1,Research Scientist,4,Married,2853,0,Yes,11,3,2,1,1,5,3,0,0,0,0,0.0,0.0,2853.0,3.0,0.0
46,No,Travel_Rarely,Sales,2,3,Marketing,3,Female,3,4,Manager,1,Married,17048,8,No,23,4,1,0,28,2,3,26,15,15,9,0.9285714285714286,0.5769230769230769,608.8571428571429,2.0,0.5769230769230769
44,No,Non-Travel,Research & Development,17,3,Life Sciences,4,Male,1,1,Research Scientist,3,Single,2290,2,No,13,3,4,0,6,3,3,0,0,0,0,0.0,0.0,381.6666666666667,3.5,0.0
33,No,Travel_Rarely,Human Resources,2,3,Human Resources,2,Male,3,1,Human Resources,3,Married,3600,1,No,13,3,4,1,5,2,3,5,4,1,4,1.0,0.2,720.0,3.0,0.8
41,Yes,Non-Travel,Research & Development,5,2,Life Sciences,1,Male,2,1,Research Scientist,1,Divorced,2107,6,No,17,3,1,1,5,2,1,1,0,0,0,0.2,0.0,421.4,1.0,0.0
30,No,Travel_Rarely,Sales,29,4,Life Sciences,3,Male,3,2,Sales Executive,1,Divorced,4115,8,No,19,3,3,3,8,3,3,4,3,0,3,0.5,0.0,514.375,2.5,0.75
40,No,Travel_Frequently,Sales,2,4,Medical,2,Male,3,2,Sales Executive,2,Married,4327,5,No,12,3,4,3,5,2,3,0,0,0,0,0.0,0.0,865.4,2.75,0.0
50,No,Travel_Frequently,Research & Development,2,3,Medical,4,Female,3,4,Manager,1,Married,17856,2,No,22,4,3,1,32,3,3,2,2,2,2,0.0625,1.0,558.0,2.75,1.0
28,No,Travel_Rarely,Research & Development,19,4,Medical,4,Male,2,1,Laboratory Technician,1,Married,3196,1,No,12,3,3,3,6,2,3,6,5,3,3,1.0,0.5,532.6666666666666,2.75,0.8333333333333334
46,No,Travel_Rarely,Research & Development,15,2,Life Sciences,4,Male,3,5,Research Director,2,Married,19081,5,No,11,3,1,1,25,2,3,4,2,0,3,0.16,0.0,763.24,2.5,0.5
35,No,Travel_Rarely,Sales,17,4,Life Sciences,3,Male,3,2,Sales Executive,1,Married,8966,3,Yes,15,3,4,3,15,2,3,7,7,1,7,0.4666666666666667,0.14285714285714285,597.7333333333333,2.75,1.0
24,Yes,Travel_Rarely,Research & Development,17,2,Life Sciences,4,Female,3,1,Laboratory Technician,2,Married,2210,1,No,13,3,1,1,1,3,1,1,0,0,0,1.0,0.0,2210.0,2.0,0.0
33,No,Travel_Frequently,Sales,25,3,Medical,2,Female,3,2,Sales Executive,3,Married,4539,1,No,12,3,1,1,10,3,2,10,7,0,1,1.0,0.0,453.9,2.0,0.7
36,No,Travel_Rarely,Research & Development,6,4,Life Sciences,3,Male,1,1,Laboratory Technician,3,Divorced,2741,1,No,14,3,3,1,7,4,3,7,7,1,7,1.0,0.14285714285714285,391.57142857142856,3.0,1.0
30,No,Travel_Rarely,Research & Development,7,4,Life Sciences,3,Male,3,2,Laboratory Technician,3,Divorced,3491,1,No,13,3,1,3,10,4,2,10,7,8,9,1.0,0.8,349.1,2.25,0.7
44,No,Travel_Rarely,Research & Development,29,4,Other,4,Male,3,2,Research Scientist,4,Single,4541,1,No,25,4,2,0,20,3,3,20,11,13,17,1.0,0.65,227.05,3.25,0.55
20,No,Travel_Rarely,Sales,21,3,Marketing,3,Male,4,1,Sales Representative,4,Single,2678,1,No,17,3,4,0,2,2,3,2,1,2,2,1.0,1.0,1339.0,3.5,0.5
46,No,Travel_Rarely,Research & Development,2,4,Technical Degree,4,Male,3,2,Manufacturing Director,4,Divorced,7379,2,No,11,3,3,1,12,3,2,6,3,1,4,0.5,0.16666666666666666,614.9166666666666,3.25,0.5
42,No,Non-Travel,Human Resources,2,5,Medical,4,Male,4,2,Human Resources,1,Married,6272,7,No,16,3,1,1,10,3,4,4,3,0,3,0.4,0.0,627.2,2.5,0.75
60,No,Travel_Rarely,Sales,7,4,Marketing,2,Male,4,2,Sales Executive,4,Divorced,5220,0,Yes,18,3,2,1,12,3,3,11,7,1,9,0.9166666666666666,0.09090909090909091,435.0,2.75,0.6363636363636364
32,No,Travel_Frequently,Research & Development,13,3,Other,3,Female,2,1,Laboratory Technician,2,Married,2743,1,No,20,4,3,1,2,2,3,2,2,2,2,1.0,1.0,1371.5,2.75,1.0
32,No,Travel_Frequently,Research & Development,2,2,Life Sciences,4,Female,3,2,Research Scientist,3,Single,4998,4,Yes,14,3,4,0,10,2,3,8,7,0,7,0.8,0.0,499.8,3.5,0.875
36,No,Travel_Rarely,Research & Development,1,3,Technical Degree,3,Female,1,3,Manufacturing Director,1,Divorced,10252,2,Yes,21,4,3,1,17,2,3,7,7,7,7,0.4117647058823529,1.0,603.0588235294117,2.5,1.0
33,No,Travel_Rarely,Research & Development,9,3,Medical,1,Male,3,1,Research Scientist,4,Married,2781,0,No,13,3,2,1,15,5,3,14,10,4,10,0.9333333333333333,0.2857142857142857,185.4,2.5,0.7142857142857143
40,No,Travel_Rarely,Sales,10,3,Technical Degree,2,Female,2,2,Sales Executive,2,Divorced,6852,7,No,12,3,2,1,7,2,4,5,1,1,3,0.7142857142857143,0.2,978.8571428571429,2.5,0.2
25,No,Travel_Rarely,Sales,10,4,Life Sciences,3,Male,3,2,Sales Executive,4,Single,4950,0,No,14,3,2,0,5,4,3,4,3,1,1,0.8,0.25,990.0,3.0,0.75
30,No,Travel_Rarely,Research & Development,1,3,Medical,4,Male,3,1,Research Scientist,2,Married,3579,0,Yes,21,4,1,1,12,2,3,11,9,5,7,0.9166666666666666,0.45454545454545453,298.25,2.5,0.8181818181818182
42,No,Travel_Frequently,Research & Development,26,5,Medical,1,Female,3,3,Research Director,1,Married,13191,3,Yes,17,3,3,0,20,6,3,1,0,0,0,0.05,0.0,659.55,2.0,0.0
35,No,Non-Travel,Sales,8,2,Marketing,3,Female,2,3,Sales Executive,4,Married,10377,4,Yes,11,3,2,1,16,6,2,13,2,4,12,0.8125,0.3076923076923077,648.5625,2.75,0.15384615384615385
27,No,Travel_Rarely,Research & Development,14,3,Life Sciences,1,Male,3,1,Research Scientist,1,Married,2235,1,Yes,14,3,4,2,9,3,2,9,7,6,8,1.0,0.6666666666666666,248.33333333333334,2.0,0.7777777777777778
54,No,Travel_Frequently,Research & Development,1,4,Life Sciences,4,Female,3,3,Manufacturing Director,3,Divorced,10502,7,No,17,3,1,1,33,2,1,5,4,1,4,0.15151515151515152,0.2,318.24242424242425,2.25,0.8
44,No,Travel_Rarely,Research & Development,2,1,Life Sciences,1,Female,4,1,Research Scientist,4,Married,2011,1,No,13,3,4,1,10,5,3,10,5,7,7,1.0,0.7,201.1,3.0,0.5
19,Yes,Non-Travel,Research & Development,10,3,Medical,1,Female,2,1,Research Scientist,2,Single,1859,1,Yes,25,4,2,0,1,2,4,1,1,0,0,1.0,0.0,1859.0,2.25,1.0
29,No,Travel_Rarely,Research & Development,1,3,Life Sciences,1,Female,3,1,Research Scientist,4,Divorced,3760,1,No,15,3,1,3,3,5,3,3,2,1,2,1.0,0.3333333333333333,1253.3333333333333,2.25,0.6666666666666666
54,No,Travel_Rarely,Research & Development,3,3,Life Sciences,4,Male,3,4,Research Director,4,Married,17779,3,No,14,3,1,0,36,2,3,10,9,0,9,0.2777777777777778,0.0,493.8611111111111,3.0,0.9
31,No,Travel_Rarely,Research & Development,11,2,Medical,3,Male,3,2,Healthcare Representative,1,Married,6833,1,Yes,12,3,4,0,6,2,2,6,5,0,1,1.0,0.0,1138.8333333333333,2.5,0.8333333333333334
31,No,Travel_Rarely,Research & Development,24,3,Medical,3,Female,2,2,Healthcare Representative,1,Single,6812,1,No,19,3,2,0,10,2,3,10,9,1,8,1.0,0.1,681.2,2.25,0.9
59,No,Travel_Rarely,Sales,3,3,Life Sciences,3,Female,2,2,Sales Executive,4,Single,5171,5,No,17,3,4,0,13,2,3,6,1,0,5,0.46153846153846156,0.0,397.7692307692308,3.5,0.16666666666666666
43,No,Travel_Rarely,Research & Development,3,3,Life Sciences,3,Male,1,5,Research Director,4,Married,19740,3,No,14,3,2,1,25,2,3,8,7,0,7,0.32,0.0,789.6,3.0,0.875
49,No,Travel_Rarely,Research & Development,4,2,Medical,1,Male,2,5,Manager,3,Married,18711,2,No,13,3,3,1,23,2,4,1,0,0,0,0.043478260869565216,0.0,813.5217391304348,2.75,0.0
36,No,Travel_Frequently,Research & Development,3,3,Technical Degree,3,Male,3,1,Research Scientist,2,Married,3692,1,No,12,3,3,0,12,2,2,11,10,0,7,0.9166666666666666,0.0,307.6666666666667,2.5,0.9090909090909091
48,No,Travel_Rarely,Research & Development,2,2,Technical Degree,4,Male,4,1,Laboratory Technician,2,Single,2559,5,No,11,3,3,0,7,4,2,1,0,0,0,0.14285714285714285,0.0,365.57142857142856,2.75,0.0
27,No,Travel_Rarely,Research & Development,4,2,Life Sciences,1,Male,3,1,Research Scientist,3,Divorced,2517,1,No,11,3,2,3,5,2,3,5,3,0,3,1.0,0.0,503.4,2.25,0.6
29,No,Travel_Rarely,Research & Development,7,3,Life Sciences,3,Male,3,2,Healthcare Representative,4,Divorced,6623,1,Yes,11,3,2,2,6,2,3,6,0,1,0,1.0,0.16666666666666666,1103.8333333333333,3.0,0.0
48,No,Travel_Rarely,Research & Development,1,3,Life Sciences,4,Male,2,5,Research Director,4,Single,18265,6,No,12,3,3,0,25,3,4,1,0,0,0,0.04,0.0,730.6,3.75,0.0
29,No,Travel_Rarely,Research & Development,1,3,Life Sciences,4,Female,2,4,Research Director,4,Divorced,16124,3,No,14,3,2,2,9,2,2,7,7,1,7,0.7777777777777778,0.14285714285714285,1791.5555555555557,3.0,1.0
34,No,Travel_Rarely,Research & Development,20,3,Technical Degree,3,Female,4,1,Research Scientist,3,Married,2585,0,No,17,3,4,0,2,5,2,1,0,0,0,0.5,0.0,1292.5,3.0,0.0
44,No,Travel_Rarely,Sales,5,3,Marketing,2,Male,3,5,Manager,2,Married,18213,7,No,11,3,3,1,26,5,3,22,9,3,10,0.8461538461538461,0.13636363636363635,700.5,2.5,0.4090909090909091
33,No,Travel_Rarely,Sales,10,5,Marketing,4,Male,4,3,Sales Executive,3,Divorced,8380,0,Yes,14,3,4,2,10,3,3,9,8,0,8,0.9,0.0,838.0,3.5,0.8888888888888888
19,No,Travel_Rarely,Research & Development,25,3,Life Sciences,2,Female,4,1,Research Scientist,4,Single,2994,1,Yes,12,3,4,0,1,2,3,1,0,0,1,1.0,0.0,2994.0,3.25,0.0
23,No,Travel_Rarely,Research & Development,1,2,Life Sciences,4,Male,3,1,Research Scientist,3,Married,1223,1,No,22,4,4,1,1,2,3,1,0,0,1,1.0,0.0,1223.0,3.5,0.0
25,Yes,Travel_Frequently,Sales,24,1,Life Sciences,3,Male,1,1,Sales Representative,4,Single,1118,1,Yes,14,3,4,0,1,4,3,1,0,1,0,1.0,1.0,1118.0,3.5,0.0
26,No,Travel_Rarely,Research & Development,4,2,Life Sciences,3,Male,3,1,Research Scientist,4,Single,2875,1,Yes,20,4,2,0,8,2,2,8,5,2,2,1.0,0.25,359.375,2.75,0.625
45,Yes,Travel_Rarely,Sales,2,3,Marketing,1,Female,1,5,Manager,2,Single,18824,2,Yes,16,3,1,0,26,2,3,24,10,1,11,0.9230769230769231,0.041666666666666664,724.0,1.75,0.4166666666666667
55,No,Non-Travel,Research & Development,8,1,Medical,4,Male,2,4,Healthcare Representative,2,Divorced,13577,1,Yes,15,3,4,1,34,3,3,33,9,15,0,0.9705882352941176,0.45454545454545453,399.3235294117647,3.25,0.2727272727272727
21,Yes,Travel_Frequently,Research & Development,10,2,Life Sciences,1,Female,2,1,Laboratory Technician,3,Single,2625,1,No,20,4,3,0,2,2,1,2,2,2,2,1.0,1.0,1312.5,2.0,1.0
46,No,Travel_Rarely,Sales,4,2,Marketing,4,Female,2,5,Manager,2,Married,18789,2,No,14,3,3,1,26,2,3,11,4,0,8,0.4230769230769231,0.0,722.6538461538462,3.0,0.36363636363636365
34,No,Travel_Rarely,Sales,2,3,Marketing,3,Female,3,2,Sales Executive,1,Single,4538,0,Yes,12,3,4,0,4,3,3,3,2,0,2,0.75,0.0,1134.5,2.75,0.6666666666666666
51,No,Travel_Frequently,Sales,9,3,Life Sciences,4,Male,3,5,Manager,2,Divorced,19847,4,Yes,24,4,1,1,31,5,2,29,10,11,10,0.9354838709677419,0.3793103448275862,640.2258064516129,2.25,0.3448275862068966
59,No,Travel_Rarely,Research & Development,18,4,Medical,4,Male,3,3,Manufacturing Director,4,Single,10512,6,No,12,3,4,0,25,6,2,9,7,5,4,0.36,0.5555555555555556,420.48,3.5,0.7777777777777778
34,No,Travel_Frequently,Research & Development,19,3,Medical,3,Female,3,2,Laboratory Technician,2,Divorced,4444,4,No,13,3,3,2,15,2,4,11,8,5,10,0.7333333333333333,0.45454545454545453,296.26666666666665,3.0,0.7272727272727273
28,No,Travel_Frequently,Research & Development,1,4,Medical,4,Male,3,1,Laboratory Technician,3,Single,2154,0,Yes,11,3,3,0,5,2,2,4,2,0,2,0.8,0.0,430.8,3.0,0.5
44,No,Travel_Rarely,Research & Development,4,2,Life Sciences,3,Male,4,5,Manager,1,Divorced,19190,1,No,14,3,4,2,26,4,2,25,9,14,13,0.9615384615384616,0.56,738.0769230769231,2.5,0.36
34,No,Travel_Frequently,Human Resources,11,3,Life Sciences,3,Male,2,2,Human Resources,2,Married,4490,4,No,11,3,4,2,14,5,4,10,9,1,8,0.7142857142857143,0.1,320.7142857142857,3.25,0.9
35,No,Travel_Rarely,Research & Development,6,1,Life Sciences,3,Male,3,1,Research Scientist,3,Married,3506,0,Yes,14,3,4,0,4,3,3,3,2,2,2,0.75,0.6666666666666666,876.5,3.25,0.6666666666666666
42,No,Travel_Rarely,Research & Development,7,4,Medical,2,Female,4,2,Research Scientist,2,Married,2372,6,Yes,16,3,4,0,18,2,3,1,0,0,0,0.05555555555555555,0.0,131.77777777777777,2.75,0.0
43,No,Travel_Rarely,Sales,4,4,Marketing,4,Female,2,3,Sales Executive,4,Single,10231,3,No,14,3,4,0,23,3,4,21,7,15,17,0.9130434782608695,0.7142857142857143,444.82608695652175,4.0,0.3333333333333333
36,No,Travel_Rarely,Research & Development,2,4,Life Sciences,3,Female,3,2,Manufacturing Director,2,Single,5410,9,Yes,11,3,4,0,18,2,3,16,14,5,12,0.8888888888888888,0.3125,300.55555555555554,3.0,0.875
44,Yes,Travel_Rarely,Research & Development,15,3,Medical,1,Female,3,3,Healthcare Representative,4,Married,7978,1,No,11,3,4,1,10,2,3,10,7,0,5,1.0,0.0,797.8,3.0,0.7
28,No,Travel_Frequently,Research & Development,2,3,Life Sciences,4,Male,2,1,Laboratory Technician,4,Married,3867,1,Yes,12,3,2,1,2,2,3,2,2,2,2,1.0,1.0,1933.5,3.25,1.0
51,No,Travel_Frequently,Research & Development,6,2,Medical,2,Female,2,1,Laboratory Technician,3,Single,2838,0,No,14,3,2,0,8,6,2,7,0,7,7,0.875,1.0,354.75,2.25,0.0
30,No,Non-Travel,Research & Development,9,2,Medical,3,Female,3,2,Manufacturing Director,3,Single,4695,7,Yes,18,3,3,0,10,3,3,8,4,1,7,0.8,0.125,469.5,3.0,0.5
29,Yes,Travel_Rarely,Research & Development,7,3,Technical Degree,2,Female,3,1,Laboratory Technician,3,Divorced,3339,3,Yes,13,3,1,2,10,2,3,7,7,7,7,0.7,1.0,333.9,2.25,1.0
28,No,Travel_Rarely,Research & Development,1,3,Technical Degree,4,Male,3,1,Research Scientist,1,Single,2080,2,No,11,3,2,0,5,2,2,3,2,1,2,0.6,0.3333333333333333,416.0,2.25,0.6666666666666666
25,No,Travel_Rarely,Research & Development,1,3,Medical,4,Female,3,1,Research Scientist,2,Single,2096,1,No,18,3,4,0,2,3,2,2,2,2,1,1.0,1.0,1048.0,3.0,1.0
32,No,Travel_Rarely,Sales,8,3,Medical,3,Male,4,2,Sales Executive,4,Married,6209,1,No,15,3,3,2,10,4,4,10,7,0,8,1.0,0.0,620.9,3.5,0.7
45,No,Travel_Frequently,Research & Development,25,3,Medical,2,Female,3,5,Manager,2,Single,18061,3,No,22,4,3,0,22,4,3,0,0,0,0,0.0,0.0,820.9545454545455,2.5,0.0
39,No,Travel_Rarely,Research & Development,13,4,Medical,3,Female,2,4,Manager,2,Divorced,17123,6,Yes,13,3,4,2,21,4,3,19,9,15,2,0.9047619047619048,0.7894736842105263,815.3809523809524,3.0,0.47368421052631576
58,No,Travel_Rarely,Research & Development,23,4,Life Sciences,1,Male,3,1,Research Scientist,3,Divorced,2372,1,No,12,3,4,2,2,3,3,2,2,2,2,1.0,1.0,1186.0,2.75,1.0
32,Yes,Travel_Rarely,Research & Development,7,2,Life Sciences,4,Male,3,2,Laboratory Technician,3,Married,4883,1,No,18,3,1,1,10,3,3,10,4,1,1,1.0,0.1,488.3,2.75,0.4
39,Yes,Travel_Rarely,Research & Development,23,3,Medical,3,Male,3,1,Research Scientist,1,Single,3904,0,No,13,3,1,0,6,2,3,5,2,0,3,0.8333333333333334,0.0,650.6666666666666,2.0,0.4
30,No,Travel_Rarely,Research & Development,6,3,Technical Degree,1,Female,2,2,Laboratory Technician,4,Married,4627,0,No,12,3,1,1,10,6,3,9,2,6,7,0.9,0.6666666666666666,462.7,2.25,0.2222222222222222
36,No,Travel_Rarely,Research & Development,10,4,Technical Degree,4,Female,3,3,Healthcare Representative,3,Married,7094,3,No,12,3,1,0,10,0,3,7,7,1,7,0.7,0.14285714285714285,709.4,2.75,1.0
46,No,Travel_Rarely,Human Resources,1,2,Life Sciences,4,Female,3,1,Human Resources,1,Single,3423,6,No,12,3,3,0,10,3,4,7,6,5,7,0.7,0.7142857142857143,342.3,3.0,0.8571428571428571
28,No,Non-Travel,Research & Development,1,3,Life Sciences,3,Female,1,2,Laboratory Technician,4,Married,6674,0,No,11,3,1,3,10,6,3,9,8,7,5,0.9,0.7777777777777778,667.4,2.75,0.8888888888888888
50,No,Travel_Rarely,Research & Development,28,3,Life Sciences,4,Female,3,4,Research Director,1,Married,16880,4,Yes,11,3,2,0,25,2,3,3,2,1,2,0.12,0.3333333333333333,675.2,2.5,0.6666666666666666
40,Yes,Travel_Rarely,Sales,25,4,Marketing,4,Male,2,3,Sales Executive,2,Single,9094,2,Yes,12,3,3,0,9,2,3,5,4,1,0,0.5555555555555556,0.2,1010.4444444444445,3.0,0.8
52,Yes,Travel_Rarely,Sales,5,3,Life Sciences,2,Male,3,3,Sales Executive,2,Single,8446,9,Yes,19,3,3,0,10,2,2,8,7,7,7,0.8,0.875,844.6,2.25,0.875
30,No,Travel_Rarely,Research & Development,17,4,Medical,2,Female,3,3,Manager,1,Married,11916,1,Yes,23,4,4,2,9,2,3,9,1,0,8,1.0,0.0,1324.0,2.5,0.1111111111111111
39,No,Travel_Rarely,Research & Development,18,2,Life Sciences,1,Male,3,2,Manufacturing Director,3,Single,4534,0,No,11,3,1,0,9,6,3,8,7,1,7,0.8888888888888888,0.125,503.77777777777777,2.0,0.875
31,No,Non-Travel,Sales,2,4,Life Sciences,4,Female,3,3,Sales Executive,3,Divorced,9852,1,Yes,19,3,1,1,10,5,2,10,8,9,6,1.0,0.9,985.2,2.5,0.8
41,No,Non-Travel,Sales,10,2,Medical,3,Male,1,2,Sales Executive,2,Single,6151,1,No,13,3,1,0,19,4,3,19,2,11,9,1.0,0.5789473684210527,323.7368421052632,2.25,0.10526315789473684
31,Yes,Travel_Frequently,Sales,1,3,Life Sciences,4,Female,3,1,Sales Representative,2,Single,2302,1,Yes,11,3,1,0,3,2,4,3,2,2,2,1.0,0.6666666666666666,767.3333333333334,2.75,0.6666666666666666
44,Yes,Travel_Rarely,Research & Development,3,3,Life Sciences,1,Male,3,1,Laboratory Technician,1,Married,2362,4,No,12,3,3,0,10,4,4,3,2,1,2,0.3,0.3333333333333333,236.2,2.25,0.6666666666666666
42,No,Non-Travel,Research & Development,2,1,Life Sciences,3,Male,3,4,Manager,3,Married,17861,0,Yes,13,3,4,0,21,3,2,20,8,2,10,0.9523809523809523,0.1,850.5238095238095,3.0,0.4
55,No,Travel_Rarely,Research & Development,2,2,Medical,4,Female,1,5,Manager,3,Married,19187,4,No,14,3,4,1,23,5,3,19,9,9,11,0.8260869565217391,0.47368421052631576,834.2173913043479,3.5,0.47368421052631576
56,No,Travel_Rarely,Human Resources,8,4,Life Sciences,4,Male,3,5,Manager,2,Single,19717,6,No,14,3,1,0,36,4,3,7,3,7,7,0.19444444444444445,1.0,547.6944444444445,2.5,0.42857142857142855
40,No,Non-Travel,Research & Development,16,2,Life Sciences,3,Male,3,1,Research Scientist,3,Divorced,3544,9,No,16,3,2,1,6,0,3,4,2,0,0,0.6666666666666666,0.0,590.6666666666666,2.75,0.5
34,No,Travel_Rarely,Research & Development,9,3,Life Sciences,4,Male,3,3,Healthcare Representative,4,Divorced,8500,0,No,11,3,4,1,10,0,2,9,7,1,6,0.9,0.1111111111111111,850.0,3.5,0.7777777777777778
40,No,Travel_Rarely,Research & Development,2,3,Life Sciences,3,Male,3,2,Research Scientist,4,Single,4661,1,No,13,3,3,0,9,4,3,9,8,8,8,1.0,0.8888888888888888,517.8888888888889,3.25,0.8888888888888888
41,No,Travel_Frequently,Sales,1,3,Marketing,3,Female,3,2,Sales Executive,1,Divorced,4103,0,No,17,3,4,1,10,2,3,9,3,1,7,0.9,0.1111111111111111,410.3,2.75,0.3333333333333333
35,No,Travel_Frequently,Research & Development,4,4,Life Sciences,3,Male,3,2,Research Scientist,3,Single,4249,1,Yes,11,3,2,0,9,3,3,9,6,1,1,1.0,0.1111111111111111,472.1111111111111,2.75,0.6666666666666666
51,No,Travel_Rarely,Human Resources,5,3,Life Sciences,3,Male,3,4,Manager,2,Divorced,14026,1,Yes,11,3,2,1,33,2,3,33,9,0,10,1.0,0.0,425.030303030303,2.5,0.2727272727272727
38,No,Travel_Rarely,Sales,2,2,Life Sciences,2,Female,3,2,Sales Executive,1,Divorced,6893,3,No,15,3,4,1,11,3,3,7,7,1,7,0.6363636363636364,0.14285714285714285,626.6363636363636,2.5,1.0
34,No,Travel_Rarely,Sales,15,2,Medical,3,Female,3,2,Sales Executive,1,Single,6125,1,No,12,3,4,0,10,6,4,10,8,9,6,1.0,0.9,612.5,3.0,0.8
25,No,Travel_Rarely,Research & Development,19,1,Medical,4,Male,3,1,Laboratory Technician,4,Married,3669,3,No,11,3,3,3,7,6,2,3,2,1,2,0.42857142857142855,0.3333333333333333,524.1428571428571,3.25,0.6666666666666666
58,Yes,Travel_Rarely,Research & Development,7,4,Medical,3,Female,2,3,Manufacturing Director,1,Married,10008,7,Yes,14,3,4,0,31,0,2,10,9,5,9,0.3225806451612903,0.5,322.83870967741933,2.5,0.9
40,No,Travel_Rarely,Research & Development,1,4,Life Sciences,2,Male,3,1,Laboratory Technician,2,Married,2387,3,No,22,4,3,1,7,3,3,4,2,0,3,0.5714285714285714,0.0,341.0,2.5,0.5
36,No,Travel_Frequently,Sales,7,3,Marketing,1,Female,4,2,Sales Executive,1,Married,4639,2,No,16,3,4,1,17,2,2,15,7,6,13,0.8823529411764706,0.4,272.88235294117646,2.0,0.4666666666666667
48,No,Travel_Rarely,Research & Development,4,3,Life Sciences,4,Male,3,3,Manufacturing Director,4,Single,7898,1,No,11,3,3,0,11,2,3,10,9,0,8,0.9090909090909091,0.0,718.0,3.5,0.9
27,No,Travel_Rarely,Sales,11,3,Medical,3,Female,4,1,Sales Representative,4,Married,2534,8,No,14,3,2,1,5,4,3,1,0,0,0,0.2,0.0,506.8,3.0,0.0
51,No,Travel_Rarely,Research & Development,11,2,Technical Degree,4,Female,2,4,Manufacturing Director,2,Single,13142,3,No,16,3,2,0,29,1,2,5,2,0,3,0.1724137931034483,0.0,453.17241379310343,2.5,0.4
18,No,Non-Travel,Research & Development,1,3,Life Sciences,4,Female,3,1,Laboratory Technician,4,Single,1611,1,No,15,3,3,0,0,5,4,0,0,0,0,0.0,0.0,1611.0,3.75,0.0
35,No,Travel_Rarely,Research & Development,1,3,Medical,4,Female,2,2,Laboratory Technician,4,Married,5363,0,No,12,3,2,1,10,0,3,9,7,0,0,0.9,0.0,536.3,3.25,0.7777777777777778
27,No,Travel_Frequently,Sales,2,1,Life Sciences,4,Male,1,2,Sales Executive,4,Single,5071,3,No,20,4,2,0,8,3,3,6,2,0,0,0.75,0.0,633.875,3.25,0.3333333333333333
55,Yes,Travel_Rarely,Sales,13,4,Marketing,1,Male,4,4,Sales Executive,3,Single,13695,6,Yes,17,3,3,0,24,2,2,19,7,3,8,0.7916666666666666,0.15789473684210525,570.625,2.25,0.3684210526315789
56,No,Travel_Rarely,Research & Development,23,3,Life Sciences,4,Male,3,4,Manufacturing Director,2,Married,13402,4,Yes,12,3,1,1,33,0,3,19,16,15,9,0.5757575757575758,0.7894736842105263,406.1212121212121,2.5,0.8421052631578947
34,No,Non-Travel,Research & Development,26,1,Technical Degree,1,Female,2,1,Research Scientist,3,Divorced,2029,1,No,20,4,3,3,5,2,3,5,4,0,0,1.0,0.0,405.8,2.5,0.8
40,No,Travel_Rarely,Research & Development,2,1,Medical,2,Female,4,2,Healthcare Representative,3,Divorced,6377,5,No,20,4,2,3,15,0,3,12,11,11,8,0.8,0.9166666666666666,425.1333333333333,2.5,0.9166666666666666
34,No,Travel_Rarely,Research & Development,29,3,Medical,2,Male,3,2,Laboratory Technician,3,Married,5429,4,No,13,3,1,2,10,1,3,8,7,7,7,0.8,0.875,542.9,2.25,0.875
31,Yes,Travel_Frequently,Sales,2,3,Life Sciences,3,Female,2,1,Sales Representative,4,Single,2785,7,No,14,3,3,0,3,3,4,1,0,0,0,0.3333333333333333,0.0,928.3333333333334,3.5,0.0
35,Yes,Travel_Frequently,Sales,18,4,Marketing,4,Female,3,2,Sales Executive,3,Married,4614,0,Yes,18,3,3,1,5,0,2,4,2,3,2,0.8,0.75,922.8,3.0,0.5
38,No,Travel_Frequently,Research & Development,7,3,Life Sciences,4,Male,4,1,Research Scientist,3,Divorced,2610,1,No,11,3,4,3,4,2,3,4,2,0,3,1.0,0.0,652.5,3.5,0.5
34,No,Travel_Rarely,Research & Development,2,4,Technical Degree,3,Female,3,2,Healthcare Representative,4,Single,6687,1,No,11,3,4,0,14,2,4,14,11,4,11,1.0,0.2857142857142857,477.64285714285717,3.75,0.7857142857142857
28,No,Travel_Rarely,Sales,26,3,Life Sciences,3,Male,2,2,Sales Executive,1,Married,4724,1,No,11,3,3,1,5,0,3,5,3,0,4,1.0,0.0,944.8,2.5,0.6
31,Yes,Travel_Rarely,Research & Development,22,4,Medical,4,Male,3,2,Manufacturing Director,3,Married,6179,1,Yes,15,3,4,2,10,3,2,10,2,6,7,1.0,0.6,617.9,3.25,0.2
39,No,Travel_Rarely,Sales,21,4,Life Sciences,1,Male,2,2,Sales Executive,4,Married,6120,3,Yes,12,3,4,2,8,2,4,5,4,1,4,0.625,0.2,765.0,3.25,0.8
51,No,Travel_Frequently,Sales,2,3,Marketing,2,Male,3,3,Sales Executive,2,Married,10596,2,No,11,3,2,0,14,5,3,4,2,3,2,0.2857142857142857,0.75,756.8571428571429,2.25,0.5
41,No,Travel_Frequently,Research & Development,22,3,Life Sciences,4,Female,3,2,Research Scientist,4,Divorced,5467,3,Yes,14,3,1,2,12,4,2,6,2,3,3,0.5,0.5,455.5833333333333,2.75,0.3333333333333333
37,No,Travel_Rarely,Research & Development,4,1,Life Sciences,3,Male,3,1,Research Scientist,3,Married,2996,7,Yes,15,3,4,0,8,2,3,6,4,1,3,0.75,0.16666666666666666,374.5,3.25,0.6666666666666666
33,No,Travel_Frequently,Sales,5,1,Life Sciences,2,Male,3,2,Sales Executive,4,Married,9998,6,No,13,3,1,0,8,2,4,5,4,1,2,0.625,0.2,1249.75,2.75,0.8
32,No,Travel_Rarely,Sales,2,1,Marketing,3,Male,3,2,Sales Executive,2,Married,4078,0,Yes,13,3,1,3,4,3,2,3,2,1,2,0.75,0.3333333333333333,1019.5,2.0,0.6666666666666666
39,No,Non-Travel,Research & Development,25,2,Life Sciences,3,Male,3,3,Healthcare Representative,3,Married,10920,3,No,21,4,2,1,13,2,3,6,4,0,5,0.46153846153846156,0.0,840.0,2.75,0.6666666666666666
25,No,Travel_Rarely,Sales,18,1,Life Sciences,1,Male,4,2,Sales Executive,3,Married,6232,2,No,11,3,2,0,6,3,2,3,2,1,2,0.5,0.3333333333333333,1038.6666666666667,2.0,0.6666666666666666
52,No,Travel_Frequently,Research & Development,28,2,Medical,4,Female,4,4,Manufacturing Director,3,Married,13247,2,Yes,11,3,2,1,24,3,2,5,3,0,2,0.20833333333333334,0.0,551.9583333333334,2.75,0.6
43,No,Travel_Rarely,Research & Development,6,3,Medical,1,Female,2,2,Research Scientist,3,Single,4081,1,Yes,14,3,1,0,20,3,1,20,7,1,8,1.0,0.05,204.05,1.5,0.35
27,No,Travel_Rarely,Sales,10,3,Marketing,4,Female,2,2,Sales Executive,4,Married,5769,1,Yes,11,3,4,0,6,3,3,6,2,4,4,1.0,0.6666666666666666,961.5,3.75,0.3333333333333333
27,Yes,Travel_Rarely,Research & Development,17,4,Life Sciences,4,Female,3,1,Research Scientist,3,Single,2394,1,Yes,13,3,4,0,8,2,3,8,2,7,7,1.0,0.875,299.25,3.5,0.25
26,No,Travel_Rarely,Research & Development,2,1,Medical,1,Male,2,1,Research Scientist,4,Single,3904,0,No,12,3,4,0,5,2,3,4,3,1,1,0.8,0.25,780.8,3.0,0.75
42,No,Travel_Rarely,Human Resources,10,3,Human Resources,3,Female,3,4,Manager,1,Married,16799,0,No,14,3,3,1,21,5,3,20,7,0,9,0.9523809523809523,0.0,799.952380952381,2.5,0.35
52,No,Travel_Rarely,Research & Development,8,4,Other,3,Female,3,1,Laboratory Technician,1,Married,2950,9,No,13,3,3,0,12,2,1,5,4,0,4,0.4166666666666667,0.0,245.83333333333334,2.0,0.8
37,No,Travel_Rarely,Research & Development,11,3,Medical,1,Female,3,1,Laboratory Technician,3,Single,3629,4,No,18,3,1,0,8,6,3,3,2,0,2,0.375,0.0,453.625,2.0,0.6666666666666666
35,No,Travel_Frequently,Research & Development,18,2,Life Sciences,3,Male,3,3,Manufacturing Director,4,Single,9362,2,No,11,3,3,0,10,2,3,2,2,2,2,0.2,1.0,936.2,3.25,1.0
25,No,Travel_Rarely,Research & Development,1,3,Technical Degree,1,Male,3,1,Laboratory Technician,4,Married,3229,4,No,11,3,2,1,7,2,2,3,2,0,2,0.42857142857142855,0.0,461.2857142857143,2.25,0.6666666666666666
26,No,Travel_Rarely,Research & Development,7,3,Other,3,Male,4,1,Laboratory Technician,1,Single,3578,0,No,12,3,4,0,8,2,3,7,7,0,7,0.875,0.0,447.25,2.75,1.0
29,No,Travel_Rarely,Human Resources,17,3,Other,2,Male,2,3,Human Resources,1,Single,7988,1,No,13,3,1,0,10,3,2,10,9,0,9,1.0,0.0,798.8,1.5,0.9
49,Yes,Travel_Frequently,Research & Development,28,2,Life Sciences,1,Male,2,2,Laboratory Technician,1,Single,4284,3,No,20,4,1,0,20,2,3,4,3,1,3,0.2,0.25,214.2,1.5,0.75
29,Yes,Travel_Frequently,Research & Development,14,1,Other,3,Female,3,3,Healthcare Representative,4,Single,7553,0,Yes,12,3,1,0,9,1,3,8,7,7,7,0.8888888888888888,0.875,839.2222222222222,2.75,0.875
54,No,Travel_Rarely,Research & Development,1,3,Medical,4,Female,3,4,Research Director,4,Single,17328,6,No,19,3,4,0,29,3,2,20,7,12,7,0.6896551724137931,0.6,597.5172413793103,3.5,0.35
58,No,Travel_Rarely,Research & Development,1,3,Medical,4,Female,3,5,Research Director,1,Married,19701,3,Yes,21,4,3,1,32,3,3,9,8,1,5,0.28125,0.1111111111111111,615.65625,2.75,0.8888888888888888
55,No,Travel_Rarely,Research & Development,1,4,Medical,2,Male,4,4,Research Director,4,Divorced,14732,2,No,13,3,4,2,31,4,4,7,7,0,0,0.22580645161290322,0.0,475.2258064516129,3.5,1.0
36,No,Travel_Rarely,Sales,3,4,Marketing,1,Female,3,2,Sales Executive,2,Single,9278,3,Yes,16,3,4,0,15,3,3,5,4,0,1,0.3333333333333333,0.0,618.5333333333333,2.5,0.8
31,Yes,Travel_Frequently,Sales,1,4,Life Sciences,2,Female,1,1,Sales Representative,3,Single,1359,1,No,12,3,2,0,1,3,3,1,0,0,0,1.0,0.0,1359.0,2.5,0.0
30,No,Travel_Rarely,Sales,7,4,Marketing,4,Female,3,2,Sales Executive,1,Divorced,4779,7,No,14,3,2,2,8,3,3,3,2,0,2,0.375,0.0,597.375,2.5,0.6666666666666666
31,No,Travel_Rarely,Research & Development,8,5,Life Sciences,1,Female,3,4,Research Director,2,Single,16422,3,No,11,3,3,0,9,3,4,3,2,1,0,0.3333333333333333,0.3333333333333333,1824.6666666666667,2.5,0.6666666666666666
34,No,Travel_Frequently,Research & Development,1,4,Other,4,Male,3,1,Research Scientist,1,Divorced,2996,5,No,14,3,3,2,10,2,3,4,3,1,3,0.4,0.25,299.6,2.75,0.75
31,Yes,Travel_Rarely,Research & Development,8,3,Life Sciences,1,Female,2,1,Research Scientist,2,Single,1261,1,No,12,3,3,0,1,3,4,1,0,0,0,1.0,0.0,1261.0,2.5,0.0
27,No,Travel_Rarely,Research & Development,11,1,Life Sciences,2,Male,3,1,Laboratory Technician,1,Married,2099,0,No,14,3,2,0,6,3,4,5,0,1,4,0.8333333333333334,0.2,349.8333333333333,2.25,0.0
36,No,Travel_Rarely,Research & Development,4,4,Life Sciences,1,Male,2,2,Laboratory Technician,4,Single,5810,1,No,16,3,3,0,10,2,2,10,4,1,8,1.0,0.1,581.0,2.5,0.4
36,No,Travel_Rarely,Sales,16,4,Marketing,3,Female,2,2,Sales Executive,1,Married,5647,4,No,13,3,1,2,11,3,2,3,2,0,2,0.2727272727272727,0.0,513.3636363636364,1.75,0.6666666666666666
47,No,Travel_Rarely,Research & Development,1,3,Technical Degree,1,Male,3,1,Research Scientist,4,Married,3420,7,No,12,3,3,1,17,2,2,6,5,1,2,0.35294117647058826,0.16666666666666666,201.1764705882353,2.5,0.8333333333333334
25,Yes,Travel_Rarely,Sales,9,2,Life Sciences,1,Male,2,1,Sales Representative,1,Married,4400,3,No,12,3,1,0,6,2,3,3,2,2,2,0.5,0.6666666666666666,733.3333333333334,1.5,0.6666666666666666
37,No,Non-Travel,Research & Development,5,2,Technical Degree,3,Male,4,1,Laboratory Technician,3,Single,3500,0,No,14,3,1,0,7,2,1,6,5,1,3,0.8571428571428571,0.16666666666666666,500.0,2.0,0.8333333333333334
56,No,Travel_Rarely,Research & Development,1,2,Life Sciences,1,Female,3,1,Research Scientist,1,Married,2066,2,No,22,4,4,1,5,3,4,3,2,1,0,0.6,0.3333333333333333,413.2,2.5,0.6666666666666666
47,No,Travel_Rarely,Research & Development,2,4,Medical,1,Female,3,4,Research Director,3,Married,17169,3,No,19,3,2,2,26,2,4,20,17,5,6,0.7692307692307693,0.25,660.3461538461538,2.5,0.85
24,No,Travel_Rarely,Sales,4,1,Medical,4,Female,3,2,Sales Executive,3,Married,4162,1,Yes,12,3,3,2,5,3,3,5,4,0,3,1.0,0.0,832.4,3.25,0.8
32,No,Travel_Rarely,Sales,7,5,Marketing,4,Male,3,2,Sales Executive,4,Married,9204,4,No,12,3,3,1,7,3,2,4,3,0,3,0.5714285714285714,0.0,1314.857142857143,3.25,0.75
34,No,Travel_Rarely,Research & Development,1,3,Life Sciences,4,Female,2,1,Laboratory Technician,2,Married,3294,5,No,17,3,1,1,7,2,2,5,4,0,2,0.7142857142857143,0.0,470.57142857142856,2.25,0.8
41,No,Travel_Rarely,Research & Development,5,5,Medical,2,Male,4,1,Research Scientist,3,Married,2127,2,Yes,12,3,1,0,7,5,2,4,2,0,3,0.5714285714285714,0.0,303.85714285714283,2.0,0.5
40,No,Non-Travel,Research & Development,9,4,Other,3,Male,3,2,Laboratory Technician,3,Divorced,3975,3,No,11,3,3,2,11,2,4,8,7,0,7,0.7272727272727273,0.0,361.3636363636364,3.25,0.875
31,No,Travel_Rarely,Sales,8,2,Life Sciences,1,Male,3,3,Sales Executive,4,Divorced,10793,1,No,18,3,1,1,13,5,3,13,7,9,9,1.0,0.6923076923076923,830.2307692307693,2.25,0.5384615384615384
46,Yes,Travel_Rarely,Sales,9,3,Marketing,1,Male,3,3,Sales Executive,4,Divorced,10096,4,No,11,3,1,1,28,1,4,7,7,4,3,0.25,0.5714285714285714,360.57142857142856,2.5,1.0
39,Yes,Non-Travel,Research & Development,2,3,Life Sciences,1,Female,2,1,Laboratory Technician,1,Single,3646,2,Yes,23,4,2,0,11,2,4,1,0,0,0,0.09090909090909091,0.0,331.45454545454544,2.0,0.0
31,Yes,Travel_Frequently,Research & Development,1,5,Life Sciences,3,Female,4,3,Manufacturing Director,2,Single,7446,1,No,11,3,1,0,10,2,3,10,8,4,7,1.0,0.4,744.6,2.25,0.8
45,No,Travel_Rarely,Research & Development,20,3,Medical,2,Male,1,3,Healthcare Representative,1,Divorced,10851,2,Yes,18,3,2,1,24,2,3,7,7,0,7,0.2916666666666667,0.0,452.125,2.0,1.0
31,No,Travel_Rarely,Human Resources,8,2,Medical,4,Female,4,1,Human Resources,2,Single,2109,9,No,18,3,4,0,8,3,3,3,2,0,2,0.375,0.0,263.625,3.25,0.6666666666666666
31,Yes,Travel_Frequently,Research & Development,2,3,Life Sciences,2,Male,3,1,Laboratory Technician,4,Married,3722,6,Yes,13,3,3,1,7,2,1,2,2,2,2,0.2857142857142857,1.0,531.7142857142857,2.5,1.0
45,No,Travel_Rarely,Research & Development,29,3,Technical Degree,2,Male,3,3,Manufacturing Director,4,Married,9380,4,Yes,18,3,4,2,10,4,4,3,1,1,2,0.3,0.3333333333333333,938.0,3.5,0.3333333333333333
48,No,Travel_Rarely,Sales,7,3,Marketing,3,Male,3,2,Sales Executive,1,Divorced,5486,4,No,11,3,1,3,15,3,3,2,2,2,2,0.13333333333333333,1.0,365.73333333333335,2.0,1.0
34,Yes,Travel_Rarely,Human Resources,9,4,Technical Degree,1,Female,3,1,Human Resources,3,Married,2742,1,No,15,3,4,0,2,0,3,2,2,2,2,1.0,1.0,1371.0,2.75,1.0
40,No,Non-Travel,Research & Development,8,1,Medical,4,Male,2,3,Research Director,2,Divorced,13757,2,No,11,3,3,1,16,5,3,9,8,4,8,0.5625,0.4444444444444444,859.8125,3.0,0.8888888888888888
28,No,Travel_Rarely,Sales,5,3,Medical,4,Male,3,2,Sales Executive,1,Single,8463,0,No,18,3,4,0,6,4,3,5,4,1,3,0.8333333333333334,0.2,1410.5,3.0,0.8
44,No,Non-Travel,Research & Development,5,3,Life Sciences,3,Male,2,1,Laboratory Technician,3,Single,3162,3,No,14,3,4,0,7,5,3,5,2,0,3,0.7142857142857143,0.0,451.7142857142857,3.25,0.4
53,No,Travel_Rarely,Research & Development,2,3,Medical,4,Male,4,4,Research Director,2,Single,16598,4,No,12,3,2,0,35,2,2,9,8,8,8,0.2571428571428571,0.8888888888888888,474.22857142857146,2.5,0.8888888888888888
49,No,Travel_Rarely,Research & Development,5,4,Technical Degree,1,Male,3,2,Healthcare Representative,3,Married,6651,2,No,14,3,2,1,20,0,2,3,2,1,2,0.15,0.3333333333333333,332.55,2.0,0.6666666666666666
40,No,Travel_Rarely,Research & Development,2,3,Medical,3,Male,3,1,Research Scientist,3,Divorced,2345,2,No,14,3,3,1,8,3,4,3,1,1,2,0.375,0.3333333333333333,293.125,3.25,0.3333333333333333
44,No,Travel_Rarely,Research & Development,20,3,Life Sciences,4,Male,3,1,Research Scientist,2,Single,3420,1,No,13,3,3,0,6,3,2,5,2,1,3,0.8333333333333334,0.2,570.0,2.75,0.4
33,No,Travel_Frequently,Sales,7,3,Medical,4,Male,3,2,Sales Executive,1,Married,4373,0,No,14,3,1,2,5,2,3,4,3,0,3,0.8,0.0,874.6,2.25,0.75
34,No,Travel_Rarely,Sales,3,3,Other,4,Male,1,2,Sales Executive,1,Single,4759,3,No,18,3,4,0,15,2,3,13,9,3,12,0.8666666666666667,0.23076923076923078,317.26666666666665,3.0,0.6923076923076923
30,No,Travel_Rarely,Sales,16,1,Life Sciences,4,Male,3,2,Sales Executive,3,Married,5301,8,No,15,3,3,2,4,2,2,2,1,2,2,0.5,1.0,1325.25,3.0,0.5
42,No,Travel_Frequently,Research & Development,9,2,Medical,1,Female,3,1,Laboratory Technician,4,Single,3673,1,No,13,3,3,0,12,3,3,12,9,5,8,1.0,0.4166666666666667,306.0833333333333,2.75,0.75
44,No,Travel_Frequently,Sales,1,5,Marketing,1,Female,3,2,Sales Executive,3,Married,4768,7,No,12,3,3,1,11,4,2,1,0,0,0,0.09090909090909091,0.0,433.45454545454544,2.25,0.0
30,No,Non-Travel,Research & Development,7,3,Technical Degree,3,Male,3,1,Research Scientist,3,Divorced,1274,1,No,13,3,2,2,1,2,2,1,0,0,0,1.0,0.0,1274.0,2.5,0.0
57,No,Travel_Rarely,Research & Development,1,2,Life Sciences,2,Male,4,2,Research Scientist,3,Married,4900,0,No,24,4,1,1,13,2,2,12,9,2,8,0.9230769230769231,0.16666666666666666,376.9230769230769,2.0,0.75
49,No,Travel_Rarely,Research & Development,7,4,Life Sciences,3,Male,3,3,Healthcare Representative,2,Divorced,10466,3,No,14,3,2,2,29,3,3,8,7,0,7,0.27586206896551724,0.0,360.8965517241379,2.5,0.875
34,No,Travel_Frequently,Research & Development,15,3,Medical,2,Male,3,4,Research Director,1,Divorced,17007,7,No,14,3,4,2,16,3,2,14,8,6,9,0.875,0.42857142857142855,1062.9375,2.25,0.5714285714285714
28,Yes,Travel_Frequently,Sales,1,3,Technical Degree,1,Male,3,1,Sales Representative,3,Married,2909,3,No,15,3,4,1,5,3,4,3,2,1,2,0.6,0.3333333333333333,581.8,3.0,0.6666666666666666
29,Yes,Travel_Frequently,Sales,13,3,Technical Degree,1,Female,3,2,Sales Executive,2,Single,5765,5,No,11,3,1,0,7,4,1,5,3,0,0,0.7142857142857143,0.0,823.5714285714286,1.25,0.6
34,Yes,Travel_Rarely,Sales,24,4,Medical,1,Female,2,2,Sales Executive,2,Single,4599,0,Yes,23,4,3,0,16,2,4,15,9,10,10,0.9375,0.6666666666666666,287.4375,2.5,0.6
35,No,Travel_Rarely,Sales,7,1,Life Sciences,4,Male,3,1,Sales Representative,3,Married,2404,1,No,13,3,1,1,1,3,3,1,0,0,0,1.0,0.0,2404.0,2.75,0.0
24,Yes,Travel_Frequently,Research & Development,9,3,Medical,2,Male,3,1,Laboratory Technician,1,Single,3172,2,Yes,11,3,3,0,4,2,2,0,0,0,0,0.0,0.0,793.0,2.0,0.0
24,No,Non-Travel,Sales,13,2,Life Sciences,4,Female,3,1,Sales Representative,2,Married,2033,1,No,13,3,3,1,1,2,3,1,0,0,0,1.0,0.0,2033.0,3.0,0.0
44,No,Travel_Frequently,Research & Development,2,1,Medical,2,Male,3,3,Manufacturing Director,3,Single,10209,5,Yes,18,3,2,0,16,2,2,2,2,2,2,0.125,1.0,638.0625,2.25,1.0
29,No,Travel_Rarely,Sales,19,3,Life Sciences,3,Male,2,2,Sales Executive,3,Divorced,8620,1,No,14,3,3,2,10,3,3,10,7,0,4,1.0,0.0,862.0,3.0,0.7
30,No,Travel_Rarely,Human Resources,1,3,Life Sciences,3,Male,3,1,Human Resources,3,Divorced,2064,0,No,21,4,1,1,6,3,4,5,3,1,3,0.8333333333333334,0.2,344.0,2.75,0.6
55,No,Travel_Rarely,Research & Development,4,4,Life Sciences,4,Male,3,2,Healthcare Representative,3,Married,4035,0,Yes,16,3,2,0,4,2,3,3,2,1,2,0.75,0.3333333333333333,1008.75,3.0,0.6666666666666666
33,No,Travel_Rarely,Research & Development,4,4,Medical,1,Female,2,1,Laboratory Technician,2,Married,3838,8,No,11,3,4,0,8,5,3,5,4,0,2,0.625,0.0,479.75,2.5,0.8
47,No,Travel_Rarely,Sales,14,3,Medical,3,Female,3,2,Sales Executive,3,Married,4591,3,Yes,17,3,3,1,11,4,2,5,4,1,2,0.45454545454545453,0.2,417.3636363636364,2.75,0.8
28,Yes,Travel_Frequently,Research & Development,2,2,Medical,3,Male,2,1,Laboratory Technician,1,Single,2561,7,No,11,3,3,0,8,2,2,0,0,0,0,0.0,0.0,320.125,2.25,0.0
28,No,Travel_Rarely,Research & Development,1,3,Life Sciences,1,Male,2,1,Research Scientist,3,Divorced,1563,1,No,14,3,4,1,1,2,1,1,0,0,0,1.0,0.0,1563.0,2.25,0.0
28,No,Travel_Frequently,Sales,7,3,Life Sciences,3,Male,3,2,Sales Executive,1,Single,4898,0,No,14,3,4,0,5,5,3,4,2,1,3,0.8,0.25,979.6,2.75,0.5
49,No,Travel_Rarely,Research & Development,3,2,Medical,3,Female,2,2,Laboratory Technician,1,Married,4789,4,No,25,4,1,1,10,3,3,3,2,1,2,0.3,0.3333333333333333,478.9,2.0,0.6666666666666666
29,No,Travel_Frequently,Research & Development,2,1,Life Sciences,4,Female,3,1,Laboratory Technician,2,Married,3180,0,No,13,3,3,3,4,3,3,3,2,0,2,0.75,0.0,795.0,3.0,0.6666666666666666
28,No,Travel_Rarely,Research & Development,29,1,Life Sciences,3,Male,1,2,Manufacturing Director,2,Married,6549,1,No,14,3,2,2,8,2,2,8,6,1,7,1.0,0.125,818.625,2.25,0.75
33,No,Travel_Rarely,Research & Development,8,5,Life Sciences,4,Male,3,2,Healthcare Representative,3,Single,6388,2,Yes,17,3,1,0,14,6,3,0,0,0,0,0.0,0.0,456.2857142857143,2.75,0.0
32,No,Travel_Rarely,Research & Development,10,3,Medical,3,Male,3,3,Manager,4,Single,11244,2,No,25,4,2,0,10,5,4,5,2,0,0,0.5,0.0,1124.4,3.25,0.4
54,No,Travel_Frequently,Research & Development,11,4,Medical,2,Female,3,4,Manager,4,Divorced,16032,3,No,20,4,1,1,26,2,3,14,9,1,12,0.5384615384615384,0.07142857142857142,616.6153846153846,2.5,0.6428571428571429
29,Yes,Travel_Rarely,Research & Development,1,4,Technical Degree,1,Male,2,1,Research Scientist,1,Single,2362,6,No,13,3,3,0,11,2,1,9,7,0,7,0.8181818181818182,0.0,214.72727272727272,1.5,0.7777777777777778
44,No,Travel_Rarely,Research & Development,28,3,Life Sciences,4,Male,3,4,Research Director,1,Married,16328,3,No,13,3,3,1,24,1,4,20,6,14,17,0.8333333333333334,0.7,680.3333333333334,3.0,0.3
39,No,Travel_Rarely,Research & Development,6,3,Life Sciences,2,Female,3,3,Manufacturing Director,2,Single,8376,4,No,18,3,4,0,9,3,3,2,0,2,2,0.2222222222222222,1.0,930.6666666666666,2.75,0.0
46,No,Travel_Rarely,Sales,3,3,Life Sciences,3,Female,3,4,Manager,2,Married,16606,8,No,12,3,4,1,23,2,4,13,12,5,1,0.5652173913043478,0.38461538461538464,722.0,3.25,0.9230769230769231
35,No,Travel_Rarely,Research & Development,16,3,Life Sciences,4,Female,2,3,Healthcare Representative,2,Single,8606,1,No,19,3,4,0,11,3,1,11,8,3,3,1.0,0.2727272727272727,782.3636363636364,2.75,0.7272727272727273
23,No,Travel_Rarely,Research & Development,20,1,Life Sciences,1,Male,3,2,Laboratory Technician,3,Single,2272,0,No,14,3,2,0,5,2,3,4,3,1,2,0.8,0.25,454.4,2.25,0.75
40,Yes,Travel_Rarely,Research & Development,9,4,Life Sciences,4,Male,3,1,Laboratory Technician,1,Single,2018,3,No,14,3,2,0,15,3,1,5,4,1,0,0.3333333333333333,0.2,134.53333333333333,2.0,0.8
34,No,Travel_Rarely,Sales,1,3,Technical Degree,4,Male,2,3,Sales Executive,3,Married,7083,1,Yes,14,3,4,0,10,3,3,10,9,8,6,1.0,0.8,708.3,3.5,0.9
31,Yes,Travel_Frequently,Research & Development,3,3,Life Sciences,4,Female,3,1,Research Scientist,3,Single,4084,1,No,12,3,1,0,7,2,1,7,2,7,7,1.0,1.0,583.4285714285714,2.25,0.2857142857142857
50,No,Travel_Frequently,Research & Development,22,5,Medical,3,Male,1,4,Research Director,4,Single,14411,1,Yes,13,3,4,0,32,2,3,32,6,13,9,1.0,0.40625,450.34375,3.5,0.1875
34,No,Travel_Rarely,Sales,7,2,Technical Degree,2,Male,3,1,Sales Representative,3,Married,2308,0,Yes,25,4,2,1,12,4,3,11,10,5,7,0.9166666666666666,0.45454545454545453,192.33333333333334,2.5,0.9090909090909091
42,No,Travel_Rarely,Research & Development,2,3,Medical,3,Male,2,1,Laboratory Technician,2,Married,4841,4,No,14,3,2,1,4,3,3,1,0,0,0,0.25,0.0,1210.25,2.5,0.0
37,No,Travel_Rarely,Research & Development,13,3,Medical,1,Male,3,2,Research Scientist,4,Married,4285,1,No,17,3,1,0,10,2,3,10,8,3,7,1.0,0.3,428.5,2.25,0.8
29,No,Travel_Rarely,Research & Development,8,1,Other,3,Female,1,2,Healthcare Representative,1,Married,9715,3,No,13,3,3,1,9,3,3,7,7,0,7,0.7777777777777778,0.0,1079.4444444444443,2.5,1.0
33,No,Travel_Rarely,Research & Development,25,3,Life Sciences,4,Male,2,2,Manufacturing Director,2,Single,4320,1,No,13,3,4,0,5,2,3,5,3,0,2,1.0,0.0,864.0,3.25,0.6
45,No,Travel_Rarely,Research & Development,28,3,Technical Degree,4,Male,3,1,Research Scientist,4,Married,2132,4,No,20,4,4,1,8,3,3,5,4,0,3,0.625,0.0,266.5,3.75,0.8
42,No,Travel_Frequently,Research & Development,2,3,Life Sciences,4,Male,3,3,Healthcare Representative,4,Married,10124,2,Yes,14,3,3,1,24,3,1,20,8,13,9,0.8333333333333334,0.65,421.8333333333333,3.0,0.4
40,No,Travel_Rarely,Sales,9,2,Medical,1,Male,3,2,Sales Executive,1,Married,5473,0,No,12,3,4,0,9,5,4,8,4,7,1,0.8888888888888888,0.875,608.1111111111111,2.5,0.5
33,No,Travel_Rarely,Research & Development,28,4,Life Sciences,2,Male,3,2,Laboratory Technician,3,Married,5207,1,Yes,12,3,2,1,15,3,3,15,14,5,7,1.0,0.3333333333333333,347.1333333333333,2.5,0.9333333333333333
40,No,Travel_Rarely,Human Resources,6,2,Medical,3,Male,3,4,Manager,4,Single,16437,1,Yes,21,4,4,0,21,2,3,21,7,7,7,1.0,0.3333333333333333,782.7142857142857,3.5,0.3333333333333333
24,No,Travel_Rarely,Research & Development,21,2,Technical Degree,3,Male,2,1,Laboratory Technician,1,Divorced,2296,0,No,14,3,2,3,2,3,3,1,1,0,0,0.5,0.0,1148.0,2.25,1.0
40,No,Non-Travel,Research & Development,8,2,Life Sciences,4,Male,3,2,Healthcare Representative,4,Divorced,4069,3,Yes,18,3,3,0,8,2,3,2,2,2,2,0.25,1.0,508.625,3.5,1.0
45,No,Travel_Rarely,Research & Development,1,4,Technical Degree,1,Male,3,3,Healthcare Representative,2,Divorced,7441,1,No,12,3,1,3,10,4,3,10,8,7,7,1.0,0.7,744.1,1.75,0.8
35,No,Travel_Rarely,Sales,28,4,Life Sciences,2,Female,2,1,Sales Representative,3,Married,2430,0,No,23,4,1,2,6,5,3,5,3,4,2,0.8333333333333334,0.8,405.0,2.25,0.6
32,No,Travel_Rarely,Research & Development,5,2,Life Sciences,4,Female,2,2,Research Scientist,2,Married,5878,3,No,12,3,1,1,12,2,3,7,1,2,5,0.5833333333333334,0.2857142857142857,489.8333333333333,2.5,0.14285714285714285
36,No,Travel_Rarely,Sales,2,4,Life Sciences,3,Male,3,1,Sales Representative,4,Single,2644,3,Yes,21,4,4,0,7,3,2,3,2,1,2,0.42857142857142855,0.3333333333333333,377.7142857142857,3.25,0.6666666666666666
48,No,Travel_Rarely,Sales,16,4,Life Sciences,3,Female,3,2,Sales Executive,3,Divorced,6439,8,No,14,3,3,1,18,2,3,8,7,7,7,0.4444444444444444,0.875,357.72222222222223,3.0,0.875
29,No,Travel_Rarely,Research & Development,9,3,Life Sciences,3,Male,4,1,Research Scientist,3,Married,2451,6,No,18,3,1,2,5,2,2,1,0,0,0,0.2,0.0,490.2,2.25,0.0
33,No,Travel_Rarely,Sales,8,4,Life Sciences,1,Male,3,2,Sales Executive,1,Married,6392,2,No,13,3,4,1,8,6,1,2,2,2,2,0.25,1.0,799.0,1.75,1.0
30,Yes,Travel_Rarely,Sales,1,3,Life Sciences,2,Male,2,2,Sales Executive,1,Married,9714,1,No,11,3,4,1,10,4,3,10,8,6,7,1.0,0.6,971.4,2.5,0.8
38,No,Travel_Frequently,Human Resources,10,4,Human Resources,3,Male,3,2,Human Resources,3,Married,6077,3,No,11,3,3,0,10,2,3,6,3,1,2,0.6,0.16666666666666666,607.7,3.0,0.5
35,No,Travel_Rarely,Research & Development,1,3,Medical,4,Male,2,1,Laboratory Technician,1,Single,2450,1,No,19,3,2,0,3,3,3,3,0,1,2,1.0,0.3333333333333333,816.6666666666666,2.5,0.0
30,No,Travel_Rarely,Sales,29,4,Technical Degree,3,Male,3,3,Sales Executive,2,Married,9250,3,No,12,3,2,1,9,3,3,4,2,1,3,0.4444444444444444,0.25,1027.7777777777778,2.5,0.5
35,Yes,Travel_Rarely,Research & Development,2,3,Life Sciences,1,Female,3,1,Laboratory Technician,1,Divorced,2074,1,Yes,12,3,4,1,1,2,3,1,0,0,0,1.0,0.0,2074.0,2.25,0.0
53,Yes,Travel_Rarely,Research & Development,2,5,Technical Degree,3,Female,2,3,Manufacturing Director,4,Married,10169,0,No,16,3,2,1,34,4,3,33,7,1,9,0.9705882352941176,0.030303030303030304,299.0882352941176,3.0,0.21212121212121213
38,Yes,Travel_Rarely,Research & Development,2,3,Medical,3,Male,3,2,Manufacturing Director,2,Married,4855,4,No,11,3,1,2,7,2,3,5,2,1,4,0.7142857142857143,0.2,693.5714285714286,2.25,0.4
32,No,Non-Travel,Research & Development,1,4,Technical Degree,4,Male,3,2,Research Scientist,1,Married,4087,4,No,14,3,2,1,9,3,2,6,5,1,2,0.6666666666666666,0.16666666666666666,454.1111111111111,2.25,0.8333333333333334
48,No,Travel_Rarely,Research & Development,15,4,Other,3,Female,3,1,Research Scientist,1,Married,2367,8,No,12,3,4,1,10,3,2,8,2,7,6,0.8,0.875,236.7,2.5,0.25
34,No,Travel_Rarely,Research & Development,7,4,Medical,1,Male,3,1,Research Scientist,4,Single,2972,1,No,13,3,3,0,1,4,1,1,0,0,0,1.0,0.0,2972.0,2.25,0.0
55,No,Travel_Rarely,Sales,26,5,Marketing,3,Male,2,5,Manager,4,Married,19586,1,No,21,4,3,1,36,3,3,36,6,2,13,1.0,0.05555555555555555,544.0555555555555,3.25,0.16666666666666666
34,No,Travel_Rarely,Research & Development,1,4,Life Sciences,2,Male,3,2,Research Scientist,4,Married,5484,9,No,17,3,2,1,9,3,2,2,2,2,1,0.2222222222222222,1.0,609.3333333333334,2.5,1.0
26,No,Travel_Rarely,Research & Development,3,3,Life Sciences,1,Female,3,1,Research Scientist,4,Married,2061,1,No,21,4,1,0,1,5,3,1,0,0,0,1.0,0.0,2061.0,2.25,0.0
38,No,Travel_Rarely,Sales,14,3,Life Sciences,3,Male,3,2,Sales Executive,2,Married,9924,0,No,11,3,4,1,10,3,3,9,8,7,7,0.9,0.7777777777777778,992.4,3.0,0.8888888888888888
38,No,Travel_Rarely,Sales,16,3,Life Sciences,2,Female,3,2,Sales Executive,2,Single,4198,2,No,12,3,2,0,8,5,4,3,2,1,2,0.375,0.3333333333333333,524.75,2.5,0.6666666666666666
36,No,Travel_Rarely,Sales,1,4,Life Sciences,2,Female,3,2,Sales Executive,3,Single,6815,6,No,13,3,1,0,15,5,3,1,0,0,0,0.06666666666666667,0.0,454.3333333333333,2.25,0.0
29,No,Travel_Rarely,Research & Development,3,1,Medical,2,Male,3,1,Laboratory Technician,1,Single,4723,1,Yes,18,3,4,0,10,3,3,10,9,1,5,1.0,0.1,472.3,2.5,0.9
35,No,Travel_Rarely,Research & Development,10,4,Medical,1,Female,3,2,Healthcare Representative,3,Single,6142,3,Yes,16,3,3,0,10,4,3,5,2,0,4,0.5,0.0,614.2,2.5,0.4
39,No,Travel_Rarely,Sales,6,3,Medical,4,Male,4,3,Sales Executive,3,Married,8237,2,No,11,3,1,1,11,3,3,7,6,7,6,0.6363636363636364,1.0,748.8181818181819,2.75,0.8571428571428571
29,No,Travel_Frequently,Research & Development,2,1,Life Sciences,1,Male,3,2,Healthcare Representative,4,Divorced,8853,1,No,19,3,4,1,6,0,4,6,4,1,3,1.0,0.16666666666666666,1475.5,3.25,0.6666666666666666
50,No,Travel_Rarely,Sales,9,3,Marketing,3,Male,3,5,Manager,3,Married,19331,4,Yes,16,3,3,1,27,2,3,1,0,0,0,0.037037037037037035,0.0,715.9629629629629,3.0,0.0
23,No,Travel_Rarely,Research & Development,10,3,Technical Degree,4,Male,4,1,Research Scientist,3,Married,2073,2,No,16,3,4,1,4,2,3,2,2,2,2,0.5,1.0,518.25,3.5,1.0
36,No,Travel_Frequently,Research & Development,6,4,Life Sciences,1,Male,4,2,Laboratory Technician,1,Married,5562,3,Yes,13,3,4,1,9,3,3,3,2,0,2,0.3333333333333333,0.0,618.0,2.25,0.6666666666666666
42,No,Travel_Rarely,Research & Development,9,2,Other,4,Male,2,5,Manager,4,Single,19613,8,No,22,4,4,0,24,2,3,1,0,0,1,0.041666666666666664,0.0,817.2083333333334,3.75,0.0
35,No,Travel_Rarely,Research & Development,28,3,Life Sciences,2,Male,4,2,Laboratory Technician,3,Married,3407,1,No,17,3,4,2,10,3,2,10,9,6,8,1.0,0.6,340.7,2.75,0.9
34,No,Travel_Frequently,Research & Development,10,4,Technical Degree,4,Male,2,2,Healthcare Representative,3,Married,5063,1,No,14,3,2,1,8,3,2,8,2,7,7,1.0,0.875,632.875,2.75,0.25
40,No,Travel_Rarely,Sales,14,2,Life Sciences,4,Female,3,2,Sales Executive,1,Married,4639,1,No,15,3,3,1,5,2,3,5,4,1,2,1.0,0.2,927.8,2.75,0.8
43,No,Travel_Rarely,Research & Development,27,3,Technical Degree,4,Male,4,1,Laboratory Technician,2,Divorced,4876,5,No,12,3,3,1,8,0,3,6,4,0,2,0.75,0.0,609.5,3.0,0.6666666666666666
35,No,Travel_Rarely,Research & Development,7,2,Life Sciences,3,Male,2,1,Laboratory Technician,4,Married,2690,1,No,18,3,4,1,1,5,2,1,0,0,1,1.0,0.0,2690.0,3.25,0.0
46,No,Travel_Rarely,Sales,1,4,Life Sciences,4,Male,4,4,Manager,1,Single,17567,1,No,15,3,2,0,27,5,1,26,0,0,12,0.9629629629629629,0.0,650.6296296296297,2.0,0.0
28,Yes,Travel_Rarely,Research & Development,24,3,Medical,3,Male,3,1,Laboratory Technician,2,Married,2408,1,Yes,17,3,3,3,1,3,3,1,1,0,0,1.0,0.0,2408.0,2.75,1.0
22,No,Non-Travel,Research & Development,26,2,Other,2,Female,2,1,Research Scientist,3,Married,2814,1,Yes,14,3,2,0,4,2,2,4,2,1,3,1.0,0.25,703.5,2.25,0.5
50,No,Travel_Frequently,Research & Development,20,5,Medical,2,Male,3,4,Healthcare Representative,3,Married,11245,2,Yes,15,3,3,1,32,3,3,30,8,12,13,0.9375,0.4,351.40625,2.75,0.26666666666666666
32,No,Travel_Rarely,Research & Development,5,4,Other,2,Female,4,1,Research Scientist,4,Married,3312,3,No,17,3,4,2,6,3,3,3,2,0,2,0.5,0.0,552.0,3.25,0.6666666666666666
44,No,Travel_Rarely,Research & Development,7,3,Medical,2,Female,3,5,Research Director,4,Divorced,19049,0,Yes,14,3,4,1,23,4,2,22,7,1,10,0.9565217391304348,0.045454545454545456,828.2173913043479,3.0,0.3181818181818182
30,No,Travel_Rarely,Research & Development,7,3,Medical,2,Male,2,1,Research Scientist,2,Married,2141,1,No,12,3,2,1,6,3,2,6,4,1,1,1.0,0.16666666666666666,356.8333333333333,2.0,0.6666666666666666
45,No,Travel_Rarely,Research & Development,5,5,Medical,3,Female,1,2,Laboratory Technician,1,Single,5769,1,Yes,14,3,1,0,10,3,3,10,7,1,4,1.0,0.1,576.9,2.0,0.7
45,No,Non-Travel,Sales,26,3,Marketing,1,Male,2,2,Sales Executive,1,Married,4385,1,No,15,3,1,1,10,2,3,10,7,4,5,1.0,0.4,438.5,1.5,0.7
31,No,Travel_Frequently,Sales,2,4,Other,4,Male,3,2,Sales Executive,1,Single,5332,7,No,13,3,4,0,10,3,3,5,2,0,3,0.5,0.0,533.2,3.0,0.4
36,No,Travel_Rarely,Research & Development,12,4,Life Sciences,3,Female,3,2,Manufacturing Director,3,Married,4663,9,Yes,12,3,2,2,7,2,3,3,2,1,1,0.42857142857142855,0.3333333333333333,666.1428571428571,2.75,0.6666666666666666
34,No,Travel_Frequently,Research & Development,10,4,Life Sciences,3,Male,4,2,Manufacturing Director,4,Divorced,4724,1,No,13,3,1,1,9,3,3,9,7,7,2,1.0,0.7777777777777778,524.8888888888889,2.75,0.7777777777777778
49,No,Travel_Rarely,Research & Development,25,4,Life Sciences,3,Female,3,1,Laboratory Technician,1,Married,3211,1,No,14,3,4,1,10,3,2,9,6,1,4,0.9,0.1111111111111111,321.1,2.5,0.6666666666666666
39,No,Travel_Rarely,Research & Development,10,5,Medical,2,Male,3,2,Manufacturing Director,1,Married,5377,2,No,13,3,4,3,10,3,3,7,7,7,7,0.7,1.0,537.7,2.5,1.0
27,No,Travel_Rarely,Research & Development,19,3,Other,4,Male,2,1,Laboratory Technician,1,Divorced,4066,1,No,11,3,1,2,7,3,3,7,7,0,7,1.0,0.0,580.8571428571429,2.25,1.0
35,No,Travel_Rarely,Research & Development,18,5,Life Sciences,2,Male,4,2,Research Scientist,1,Married,5208,1,No,11,3,4,0,16,2,3,16,15,1,10,1.0,0.0625,325.5,2.5,0.9375
28,No,Travel_Rarely,Research & Development,27,3,Medical,2,Female,1,2,Manufacturing Director,1,Divorced,4877,0,No,21,4,2,1,6,5,2,5,3,0,0,0.8333333333333334,0.0,812.8333333333334,1.75,0.6
21,No,Travel_Rarely,Research & Development,5,1,Medical,3,Male,3,1,Research Scientist,4,Single,3117,1,No,18,3,3,0,3,2,3,2,2,2,2,0.6666666666666666,1.0,1039.0,3.25,1.0
18,Yes,Travel_Frequently,Sales,3,2,Medical,2,Female,3,1,Sales Representative,4,Single,1569,1,Yes,12,3,3,0,0,2,4,0,0,0,0,0.0,0.0,1569.0,3.25,0.0
47,No,Travel_Rarely,Human Resources,26,4,Life Sciences,4,Female,3,5,Manager,3,Married,19658,3,No,11,3,3,1,27,2,3,5,2,1,0,0.18518518518518517,0.2,728.074074074074,3.25,0.4
39,No,Travel_Rarely,Research & Development,3,2,Medical,3,Male,2,2,Laboratory Technician,3,Divorced,3069,0,No,15,3,4,1,11,3,3,10,8,0,7,0.9090909090909091,0.0,279.0,3.25,0.8
40,No,Travel_Rarely,Research & Development,15,3,Life Sciences,1,Female,2,3,Manufacturing Director,3,Married,10435,1,No,13,3,4,2,18,2,3,18,15,14,12,1.0,0.7777777777777778,579.7222222222222,2.75,0.8333333333333334
35,No,Non-Travel,Research & Development,8,4,Life Sciences,3,Female,3,2,Healthcare Representative,3,Married,4148,1,No,12,3,4,1,15,5,3,14,11,2,9,0.9333333333333333,0.14285714285714285,276.53333333333336,3.25,0.7857142857142857
37,No,Travel_Rarely,Research & Development,19,3,Life Sciences,3,Male,3,2,Manufacturing Director,3,Married,5768,3,No,17,3,1,3,9,2,2,4,3,0,2,0.4444444444444444,0.0,640.8888888888889,2.25,0.75
39,No,Travel_Frequently,Research & Development,4,3,Medical,1,Female,3,2,Manufacturing Director,3,Single,5042,0,No,13,3,4,0,10,2,1,9,2,3,8,0.9,0.3333333333333333,504.2,2.25,0.2222222222222222
45,No,Travel_Rarely,Research & Development,2,2,Other,4,Female,2,2,Manufacturing Director,4,Divorced,5770,1,No,19,3,1,2,10,3,3,10,7,3,9,1.0,0.3,577.0,3.0,0.7
38,No,Travel_Rarely,Research & Development,2,2,Medical,4,Female,2,3,Manufacturing Director,3,Married,7756,3,Yes,19,3,4,1,10,6,4,5,4,0,2,0.5,0.0,775.6,3.75,0.8
35,Yes,Travel_Rarely,Sales,10,3,Medical,4,Male,2,3,Sales Executive,1,Married,10306,9,No,17,3,3,0,15,3,3,13,12,6,0,0.8666666666666667,0.46153846153846156,687.0666666666667,2.75,0.9230769230769231
37,No,Travel_Rarely,Research & Development,10,3,Medical,2,Female,3,1,Research Scientist,2,Married,3936,1,No,11,3,1,1,8,2,1,8,4,7,7,1.0,0.875,492.0,1.5,0.5
40,No,Travel_Rarely,Research & Development,16,3,Life Sciences,3,Female,3,3,Manufacturing Director,4,Single,7945,6,Yes,15,3,4,0,18,2,2,4,2,3,3,0.2222222222222222,0.75,441.3888888888889,3.25,0.5
44,No,Travel_Frequently,Human Resources,1,5,Human Resources,1,Male,3,2,Human Resources,4,Married,5743,4,Yes,11,3,3,0,14,3,3,10,7,0,2,0.7142857142857143,0.0,410.2142857142857,2.75,0.7
48,No,Travel_Frequently,Research & Development,4,5,Medical,3,Male,2,4,Manager,4,Married,15202,2,No,25,4,2,1,23,3,3,2,2,2,2,0.08695652173913043,1.0,660.9565217391304,3.0,1.0
35,Yes,Travel_Rarely,Sales,15,2,Medical,1,Male,1,2,Sales Executive,4,Divorced,5440,6,Yes,14,3,4,2,7,2,2,2,2,2,2,0.2857142857142857,1.0,777.1428571428571,2.75,1.0
24,No,Travel_Frequently,Research & Development,2,1,Technical Degree,1,Female,3,1,Research Scientist,4,Single,3760,1,Yes,13,3,3,0,6,2,3,6,3,1,3,1.0,0.16666666666666666,626.6666666666666,2.75,0.5
27,No,Travel_Rarely,Research & Development,8,3,Medical,2,Female,4,1,Research Scientist,3,Married,3517,7,No,17,3,1,0,5,0,3,3,2,0,2,0.6,0.0,703.4,2.25,0.6666666666666666
27,No,Travel_Frequently,Research & Development,2,3,Medical,4,Male,3,1,Research Scientist,4,Single,2580,2,No,13,3,3,0,6,0,2,4,2,1,2,0.6666666666666666,0.25,430.0,3.25,0.5
40,Yes,Travel_Rarely,Research & Development,7,3,Life Sciences,1,Male,3,1,Laboratory Technician,1,Single,2166,3,Yes,14,3,2,0,10,3,1,4,2,0,3,0.4,0.0,216.6,1.25,0.5
29,No,Travel_Rarely,Sales,10,3,Medical,3,Male,2,2,Sales Executive,3,Single,5869,9,No,11,3,3,0,8,2,3,5,2,1,4,0.625,0.2,733.625,3.0,0.4
36,No,Travel_Rarely,Research & Development,5,4,Life Sciences,2,Female,3,3,Healthcare Representative,1,Married,8008,4,No,12,3,3,2,9,6,3,3,2,0,2,0.3333333333333333,0.0,889.7777777777778,2.25,0.6666666666666666
25,No,Travel_Frequently,Research & Development,2,1,Life Sciences,4,Male,4,2,Manufacturing Director,3,Divorced,5206,1,No,17,3,3,2,7,6,3,7,7,0,7,1.0,0.0,743.7142857142857,3.25,1.0
39,No,Travel_Rarely,Research & Development,12,3,Medical,4,Male,3,2,Manufacturing Director,2,Married,5295,4,No,21,4,3,0,7,3,3,5,4,1,0,0.7142857142857143,0.2,756.4285714285714,3.0,0.8
49,No,Travel_Rarely,Research & Development,22,4,Other,1,Female,3,4,Research Director,2,Married,16413,3,No,16,3,2,2,27,2,3,4,2,1,2,0.14814814814814814,0.25,607.8888888888889,2.0,0.5
50,No,Travel_Rarely,Research & Development,17,5,Life Sciences,4,Female,2,3,Research Director,1,Divorced,13269,5,No,15,3,3,3,19,3,3,14,11,1,11,0.7368421052631579,0.07142857142857142,698.3684210526316,2.75,0.7857142857142857
20,No,Travel_Rarely,Sales,2,3,Medical,3,Female,3,1,Sales Representative,3,Single,2783,1,No,19,3,1,0,2,3,3,2,2,2,2,1.0,1.0,1391.5,2.5,1.0
34,No,Travel_Rarely,Research & Development,3,3,Life Sciences,4,Female,3,2,Research Scientist,2,Divorced,5433,1,No,12,3,3,1,11,2,3,11,8,7,9,1.0,0.6363636363636364,493.90909090909093,3.0,0.7272727272727273
36,No,Travel_Rarely,Research & Development,7,3,Life Sciences,1,Male,3,1,Laboratory Technician,2,Single,2013,2,No,11,3,3,0,15,4,3,4,3,1,3,0.26666666666666666,0.25,134.2,2.25,0.75
49,No,Travel_Rarely,Research & Development,6,1,Life Sciences,3,Female,2,4,Healthcare Representative,3,Married,13966,2,Yes,19,3,2,1,30,3,3,15,11,2,12,0.5,0.13333333333333333,465.53333333333336,2.75,0.7333333333333333
36,No,Non-Travel,Research & Development,1,4,Medical,4,Female,2,2,Manufacturing Director,3,Married,4374,0,No,15,3,3,0,4,6,3,3,2,1,2,0.75,0.3333333333333333,1093.5,3.25,0.6666666666666666
36,No,Travel_Rarely,Research & Development,3,2,Life Sciences,4,Male,4,2,Healthcare Representative,1,Divorced,6842,6,No,20,4,1,1,13,3,3,5,4,0,4,0.38461538461538464,0.0,526.3076923076923,2.25,0.8
54,No,Travel_Rarely,Research & Development,22,5,Medical,2,Female,3,4,Manager,3,Married,17426,3,No,25,4,3,1,36,6,3,10,8,4,7,0.2777777777777778,0.4,484.05555555555554,2.75,0.8
43,No,Travel_Rarely,Research & Development,15,2,Life Sciences,3,Male,2,4,Research Director,3,Married,17603,1,No,24,4,1,1,14,3,3,14,10,6,11,1.0,0.42857142857142855,1257.357142857143,2.5,0.7142857142857143
35,Yes,Travel_Frequently,Sales,12,4,Other,4,Male,3,2,Sales Executive,4,Single,4581,3,Yes,24,4,1,0,13,2,4,11,9,6,7,0.8461538461538461,0.5454545454545454,352.38461538461536,3.25,0.8181818181818182
38,No,Travel_Frequently,Research & Development,1,3,Life Sciences,4,Male,3,2,Research Scientist,4,Married,4735,7,No,15,3,4,2,19,4,4,13,11,2,9,0.6842105263157895,0.15384615384615385,249.21052631578948,4.0,0.8461538461538461
29,No,Travel_Rarely,Sales,5,3,Medical,1,Male,2,2,Sales Executive,2,Divorced,4187,1,Yes,13,3,2,1,10,3,2,10,0,0,9,1.0,0.0,418.7,1.75,0.0
33,No,Travel_Rarely,Sales,2,4,Medical,4,Male,3,2,Sales Executive,4,Divorced,5505,1,No,14,3,3,2,6,5,3,6,2,0,4,1.0,0.0,917.5,3.5,0.3333333333333333
32,No,Travel_Rarely,Research & Development,2,3,Medical,4,Male,3,2,Research Scientist,2,Divorced,5470,0,No,13,3,3,2,10,4,2,9,5,1,6,0.9,0.1111111111111111,547.0,2.75,0.5555555555555556
31,No,Travel_Rarely,Sales,5,4,Life Sciences,1,Female,3,2,Sales Executive,4,Married,5476,1,No,11,3,1,2,10,2,3,10,0,0,2,1.0,0.0,547.6,2.25,0.0
49,No,Travel_Rarely,Research & Development,16,3,Medical,4,Female,3,1,Laboratory Technician,1,Divorced,2587,4,Yes,16,3,2,1,17,2,2,2,2,2,2,0.11764705882352941,1.0,152.1764705882353,2.25,1.0
38,No,Travel_Frequently,Research & Development,2,3,Medical,4,Female,2,1,Laboratory Technician,2,Single,2440,1,No,22,4,2,0,4,3,3,4,3,3,3,1.0,0.75,610.0,2.75,0.75
47,No,Travel_Rarely,Sales,2,4,Life Sciences,2,Female,4,4,Manager,2,Divorced,15972,6,No,14,3,3,3,29,2,3,3,2,1,2,0.10344827586206896,0.3333333333333333,550.7586206896551,2.5,0.6666666666666666
49,No,Travel_Rarely,Research & Development,1,3,Life Sciences,3,Male,3,4,Manager,3,Single,15379,4,No,14,3,1,0,23,2,3,8,7,0,0,0.34782608695652173,0.0,668.6521739130435,2.5,0.875
41,No,Travel_Rarely,Sales,23,2,Life Sciences,4,Male,3,3,Sales Executive,3,Single,7082,3,Yes,16,3,4,0,21,2,3,2,0,0,2,0.09523809523809523,0.0,337.23809523809524,3.5,0.0
20,No,Travel_Rarely,Sales,9,1,Life Sciences,4,Male,3,1,Sales Representative,1,Single,2728,1,No,11,3,1,0,2,3,3,2,2,0,2,1.0,0.0,1364.0,2.25,1.0
33,No,Non-Travel,Sales,16,3,Life Sciences,3,Female,3,2,Sales Executive,4,Divorced,5368,1,Yes,25,4,3,1,7,2,3,6,5,1,2,0.8571428571428571,0.16666666666666666,766.8571428571429,3.25,0.8333333333333334
36,No,Travel_Rarely,Research & Development,26,4,Life Sciences,1,Male,3,2,Healthcare Representative,3,Married,5347,6,No,14,3,2,2,10,2,2,3,2,0,2,0.3,0.0,534.7,2.0,0.6666666666666666
44,No,Travel_Rarely,Human Resources,1,3,Life Sciences,3,Female,3,1,Human Resources,4,Divorced,3195,4,Yes,18,3,1,3,8,2,3,2,2,2,2,0.25,1.0,399.375,2.75,1.0
23,Yes,Travel_Rarely,Research & Development,8,1,Medical,4,Male,2,1,Laboratory Technician,3,Single,3989,1,Yes,11,3,1,0,5,2,3,5,4,1,2,1.0,0.2,797.8,2.75,0.8
38,No,Travel_Rarely,Research & Development,4,2,Medical,4,Female,3,1,Laboratory Technician,3,Married,3306,7,No,19,3,4,1,7,5,2,0,0,0,0,0.0,0.0,472.2857142857143,3.25,0.0
53,No,Travel_Rarely,Research & Development,24,4,Medical,2,Male,4,3,Healthcare Representative,4,Married,7005,3,No,15,3,3,0,11,2,3,4,3,1,2,0.36363636363636365,0.25,636.8181818181819,3.0,0.75
48,Yes,Travel_Frequently,Sales,7,2,Medical,4,Female,3,1,Sales Representative,3,Married,2655,2,Yes,11,3,3,2,19,3,3,9,7,7,7,0.47368421052631576,0.7777777777777778,139.73684210526315,3.25,0.7777777777777778
32,Yes,Travel_Rarely,Research & Development,2,4,Life Sciences,4,Male,3,1,Laboratory Technician,2,Single,1393,1,No,12,3,1,0,1,2,3,1,0,0,0,1.0,0.0,1393.0,2.5,0.0
26,No,Non-Travel,Research & Development,7,3,Medical,4,Male,3,1,Laboratory Technician,4,Single,2570,1,No,20,4,3,0,7,5,3,7,7,5,7,1.0,0.7142857142857143,367.14285714285717,3.5,1.0
55,No,Travel_Rarely,Research & Development,22,3,Technical Degree,1,Male,2,1,Research Scientist,2,Divorced,3537,5,No,12,3,4,1,8,1,3,4,2,1,2,0.5,0.25,442.125,2.5,0.5
34,No,Travel_Rarely,Research & Development,5,2,Medical,2,Male,2,2,Laboratory Technician,4,Married,3986,1,No,14,3,3,1,15,3,4,15,10,4,13,1.0,0.26666666666666666,265.73333333333335,3.25,0.6666666666666666
60,No,Travel_Rarely,Research & Development,1,4,Medical,3,Male,1,3,Healthcare Representative,4,Divorced,10883,3,No,20,4,3,1,19,2,4,1,0,0,0,0.05263157894736842,0.0,572.7894736842105,3.5,0.0
33,No,Travel_Rarely,Research & Development,21,3,Medical,2,Male,4,1,Laboratory Technician,2,Married,2028,1,No,18,3,4,3,14,6,3,14,11,2,13,1.0,0.14285714285714285,144.85714285714286,2.75,0.7857142857142857
37,No,Travel_Frequently,Sales,1,4,Medical,3,Male,1,2,Sales Executive,4,Divorced,9525,1,No,14,3,3,2,6,2,2,6,3,1,3,1.0,0.16666666666666666,1587.5,3.0,0.5
34,No,Travel_Rarely,Research & Development,19,3,Life Sciences,2,Female,2,1,Research Scientist,4,Married,2929,1,No,12,3,2,0,10,3,3,10,9,8,7,1.0,0.8,292.9,2.75,0.9
23,Yes,Travel_Rarely,Sales,7,3,Life Sciences,3,Male,3,1,Sales Representative,4,Divorced,2275,1,Yes,21,4,2,1,3,2,3,3,2,0,2,1.0,0.0,758.3333333333334,3.0,0.6666666666666666
44,No,Travel_Rarely,Research & Development,2,3,Life Sciences,3,Female,4,3,Healthcare Representative,4,Married,7879,1,Yes,19,3,2,1,9,2,3,8,7,6,7,0.8888888888888888,0.75,875.4444444444445,3.0,0.875
35,No,Travel_Frequently,Research & Development,2,4,Medical,1,Male,2,1,Research Scientist,4,Single,4930,0,Yes,14,3,3,0,6,2,4,5,4,1,4,0.8333333333333334,0.2,821.6666666666666,3.0,0.8
43,No,Travel_Rarely,Sales,2,3,Medical,4,Male,3,2,Sales Executive,4,Married,7847,1,Yes,17,3,1,1,10,3,3,10,9,8,8,1.0,0.8,784.7,3.0,0.9
24,No,Travel_Rarely,Research & Development,9,3,Medical,3,Male,4,1,Research Scientist,3,Married,4401,1,No,16,3,4,1,5,1,3,5,3,0,4,1.0,0.0,880.2,3.25,0.6
41,No,Travel_Rarely,Sales,6,3,Marketing,4,Male,3,3,Sales Executive,3,Single,9241,1,No,12,3,2,0,10,3,3,10,8,8,7,1.0,0.8,924.1,3.0,0.8
29,No,Travel_Rarely,Research & Development,9,4,Medical,4,Female,3,1,Laboratory Technician,3,Married,2974,9,No,17,3,3,1,9,2,3,5,3,1,2,0.5555555555555556,0.2,330.44444444444446,3.25,0.6
36,No,Travel_Rarely,Sales,2,4,Life Sciences,3,Female,3,2,Sales Representative,4,Single,4502,3,No,15,3,3,0,17,2,2,13,7,6,7,0.7647058823529411,0.46153846153846156,264.8235294117647,3.0,0.5384615384615384
45,No,Non-Travel,Research & Development,1,1,Life Sciences,3,Male,2,3,Healthcare Representative,3,Married,10748,3,No,23,4,4,1,25,3,2,23,15,14,4,0.92,0.6086956521739131,429.92,3.0,0.6521739130434783
24,Yes,Travel_Rarely,Human Resources,22,1,Human Resources,4,Male,1,1,Human Resources,3,Married,1555,1,No,11,3,3,1,1,2,3,1,0,0,0,1.0,0.0,1555.0,3.25,0.0
47,Yes,Travel_Frequently,Sales,9,3,Life Sciences,3,Male,1,4,Sales Executive,3,Married,12936,7,No,11,3,3,0,25,3,1,23,5,14,10,0.92,0.6086956521739131,517.44,2.5,0.21739130434782608
26,No,Travel_Rarely,Research & Development,17,4,Medical,4,Male,1,1,Laboratory Technician,3,Married,2305,1,No,15,3,3,3,3,3,4,3,2,0,2,1.0,0.0,768.3333333333334,3.5,0.6666666666666666
45,No,Travel_Rarely,Research & Development,28,2,Technical Degree,4,Female,2,4,Research Director,2,Single,16704,1,No,11,3,3,0,21,2,3,21,6,8,6,1.0,0.38095238095238093,795.4285714285714,3.0,0.2857142857142857
32,No,Travel_Frequently,Research & Development,10,3,Life Sciences,1,Male,3,1,Research Scientist,3,Married,3433,6,No,13,3,1,1,10,3,2,5,2,1,3,0.5,0.2,343.3,1.75,0.4
31,No,Travel_Rarely,Research & Development,2,4,Life Sciences,2,Male,3,1,Laboratory Technician,3,Married,3477,1,No,14,3,4,1,6,2,4,5,2,0,3,0.8333333333333334,0.0,579.5,3.25,0.4
41,No,Non-Travel,Human Resources,4,3,Human Resources,3,Male,1,2,Human Resources,2,Married,6430,6,No,19,3,2,1,10,4,3,3,2,1,2,0.3,0.3333333333333333,643.0,2.5,0.6666666666666666
40,No,Travel_Rarely,Research & Development,8,2,Life Sciences,2,Female,3,2,Manufacturing Director,1,Married,6516,2,Yes,16,3,2,1,18,3,3,1,0,0,0,0.05555555555555555,0.0,362.0,2.0,0.0
24,No,Travel_Rarely,Research & Development,29,1,Medical,2,Male,3,1,Laboratory Technician,1,Divorced,3907,1,No,13,3,2,3,6,2,4,6,2,1,2,1.0,0.16666666666666666,651.1666666666666,2.25,0.3333333333333333
46,No,Travel_Rarely,Research & Development,13,4,Life Sciences,3,Male,3,2,Healthcare Representative,2,Single,5562,6,No,14,3,4,0,19,3,3,10,7,0,9,0.5263157894736842,0.0,292.7368421052632,3.0,0.7
35,No,Travel_Rarely,Research & Development,27,4,Life Sciences,4,Male,3,2,Manufacturing Director,3,Married,6883,2,No,16,3,2,1,17,3,3,7,7,0,7,0.4117647058823529,0.0,404.88235294117646,3.0,1.0
30,No,Travel_Rarely,Research & Development,16,1,Life Sciences,2,Male,3,1,Research Scientist,4,Married,2862,1,No,12,3,2,1,10,2,2,10,0,0,8,1.0,0.0,286.2,2.5,0.0
47,No,Non-Travel,Sales,2,4,Marketing,3,Male,3,2,Sales Executive,2,Married,4978,7,No,11,3,4,1,4,3,1,1,0,0,0,0.25,0.0,1244.5,2.5,0.0
46,No,Travel_Rarely,Sales,2,3,Life Sciences,3,Male,3,3,Sales Executive,4,Divorced,10368,4,Yes,12,3,2,1,13,5,2,10,6,0,3,0.7692307692307693,0.0,797.5384615384615,2.75,0.6
36,Yes,Travel_Rarely,Sales,13,5,Marketing,2,Male,2,2,Sales Executive,1,Divorced,6134,5,Yes,13,3,2,3,16,3,3,2,2,2,2,0.125,1.0,383.375,2.0,1.0
32,Yes,Travel_Rarely,Sales,1,2,Life Sciences,1,Male,1,2,Sales Executive,2,Single,6735,6,No,15,3,2,0,10,2,3,0,0,0,0,0.0,0.0,673.5,2.0,0.0
23,No,Travel_Rarely,Research & Development,4,1,Medical,3,Female,3,1,Laboratory Technician,2,Single,3295,1,No,13,3,3,0,3,3,1,3,2,1,2,1.0,0.3333333333333333,1098.3333333333333,2.25,0.6666666666666666
31,No,Travel_Frequently,Research & Development,24,1,Technical Degree,4,Female,3,2,Manufacturing Director,4,Single,5238,2,No,20,4,4,0,9,3,2,5,4,1,4,0.5555555555555556,0.2,582.0,3.5,0.8
39,No,Non-Travel,Research & Development,1,3,Life Sciences,4,Male,3,2,Laboratory Technician,4,Married,6472,1,Yes,15,3,4,1,9,2,3,9,8,5,8,1.0,0.5555555555555556,719.1111111111111,3.75,0.8888888888888888
32,No,Travel_Rarely,Sales,19,3,Life Sciences,4,Male,1,3,Sales Executive,3,Married,9610,3,No,13,3,3,1,10,2,1,4,3,0,2,0.4,0.0,961.0,2.75,0.75
40,No,Travel_Rarely,Sales,7,4,Medical,2,Male,3,5,Manager,2,Single,19833,1,No,14,3,2,0,21,3,2,21,8,12,8,1.0,0.5714285714285714,944.4285714285714,2.0,0.38095238095238093
45,No,Travel_Rarely,Human Resources,4,3,Life Sciences,3,Female,1,3,Human Resources,3,Married,9756,4,No,21,4,3,2,9,2,4,5,0,0,3,0.5555555555555556,0.0,1084.0,3.25,0.0
30,No,Travel_Frequently,Research & Development,2,4,Technical Degree,4,Female,2,1,Research Scientist,1,Single,4968,0,No,16,3,4,0,10,2,3,9,7,0,7,0.9,0.0,496.8,3.0,0.7777777777777778
24,No,Travel_Frequently,Human Resources,10,3,Medical,1,Male,3,1,Human Resources,4,Married,2145,0,No,14,3,4,1,3,2,3,2,2,2,1,0.6666666666666666,1.0,715.0,3.0,1.0
30,Yes,Travel_Frequently,Human Resources,8,3,Human Resources,3,Female,2,1,Human Resources,4,Divorced,2180,6,No,11,3,3,1,6,0,2,4,2,1,2,0.6666666666666666,0.25,363.3333333333333,3.0,0.5
31,No,Travel_Rarely,Sales,5,3,Technical Degree,1,Male,3,2,Sales Executive,3,Married,8346,1,No,19,3,3,1,6,3,3,5,2,0,2,0.8333333333333334,0.0,1391.0,2.5,0.4
27,No,Travel_Rarely,Research & Development,8,3,Medical,3,Female,3,1,Research Scientist,4,Single,3445,1,No,11,3,3,0,6,5,2,6,2,1,4,1.0,0.16666666666666666,574.1666666666666,3.0,0.3333333333333333
29,Yes,Travel_Rarely,Sales,9,3,Marketing,2,Female,1,1,Sales Representative,2,Single,2760,1,No,13,3,3,0,2,3,3,2,2,2,2,1.0,1.0,1380.0,2.5,1.0
29,No,Travel_Frequently,Research & Development,1,3,Life Sciences,4,Male,4,2,Healthcare Representative,3,Single,6294,8,Yes,12,3,4,0,10,5,4,3,2,0,2,0.3,0.0,629.4,3.75,0.6666666666666666
30,No,Travel_Rarely,Sales,15,2,Marketing,3,Male,2,3,Sales Executive,1,Divorced,7140,2,No,11,3,1,1,12,2,3,7,7,1,7,0.5833333333333334,0.14285714285714285,595.0,2.0,1.0
34,No,Travel_Rarely,Research & Development,2,4,Medical,4,Male,4,1,Research Scientist,4,Married,2932,0,Yes,14,3,1,3,6,3,3,5,0,1,2,0.8333333333333334,0.2,488.6666666666667,3.0,0.0
33,No,Non-Travel,Sales,2,3,Marketing,4,Female,3,2,Sales Executive,2,Single,5147,8,No,15,3,4,0,13,2,2,11,7,1,7,0.8461538461538461,0.09090909090909091,395.9230769230769,3.0,0.6363636363636364
49,No,Travel_Rarely,Sales,11,4,Marketing,4,Female,3,2,Sales Executive,4,Single,4507,3,No,12,3,3,0,8,1,4,5,1,0,4,0.625,0.0,563.375,3.75,0.2
33,Yes,Travel_Rarely,Sales,16,3,Life Sciences,1,Female,3,3,Sales Executive,1,Single,8564,2,Yes,20,4,3,0,11,2,2,0,0,0,0,0.0,0.0,778.5454545454545,1.75,0.0
38,No,Travel_Frequently,Research & Development,2,2,Medical,3,Female,2,1,Laboratory Technician,2,Married,2468,4,No,14,3,2,1,9,4,2,6,1,0,5,0.6666666666666666,0.0,274.22222222222223,2.25,0.16666666666666666
31,Yes,Travel_Rarely,Sales,16,4,Marketing,1,Male,3,3,Sales Executive,3,Married,8161,2,No,13,3,1,3,10,2,3,1,0,0,0,0.1,0.0,816.1,2.0,0.0
29,No,Travel_Rarely,Research & Development,4,3,Technical Degree,4,Female,2,1,Research Scientist,1,Divorced,2109,1,No,13,3,3,1,1,2,3,1,0,0,0,1.0,0.0,2109.0,2.75,0.0
30,No,Travel_Rarely,Research & Development,16,3,Life Sciences,3,Male,4,2,Healthcare Representative,3,Married,5294,3,No,16,3,3,1,10,3,3,7,0,1,7,0.7,0.14285714285714285,529.4,3.0,0.0
32,No,Non-Travel,Research & Development,5,4,Technical Degree,2,Male,3,1,Research Scientist,2,Single,2718,2,No,14,3,2,0,12,3,3,7,7,0,7,0.5833333333333334,0.0,226.5,2.25,1.0
38,No,Travel_Rarely,Research & Development,18,3,Medical,2,Male,1,2,Healthcare Representative,4,Married,5811,3,Yes,16,3,3,1,15,2,3,1,0,1,0,0.06666666666666667,1.0,387.4,3.0,0.0
43,Yes,Travel_Frequently,Research & Development,17,3,Technical Degree,3,Male,2,1,Research Scientist,3,Married,2437,9,Yes,16,3,4,1,6,4,3,1,0,0,0,0.16666666666666666,0.0,406.1666666666667,3.25,0.0
42,No,Travel_Rarely,Research & Development,12,3,Medical,2,Male,3,1,Laboratory Technician,2,Divorced,2766,8,No,22,4,2,3,7,6,2,5,3,0,4,0.7142857142857143,0.0,395.14285714285717,2.0,0.6
55,No,Travel_Rarely,Research & Development,2,3,Medical,3,Male,2,5,Research Director,1,Married,19038,8,No,12,3,2,3,34,2,3,1,0,0,0,0.029411764705882353,0.0,559.9411764705883,2.25,0.0
33,No,Non-Travel,Research & Development,4,3,Technical Degree,4,Male,3,2,Research Scientist,2,Divorced,3055,5,No,15,3,4,2,11,2,2,9,8,1,7,0.8181818181818182,0.1111111111111111,277.72727272727275,3.0,0.8888888888888888
41,No,Travel_Rarely,Research & Development,9,4,Life Sciences,3,Male,3,1,Laboratory Technician,1,Divorced,2289,1,No,20,4,2,2,5,2,3,5,3,0,4,1.0,0.0,457.8,2.25,0.6
34,No,Non-Travel,Sales,10,3,Life Sciences,4,Male,3,2,Sales Executive,3,Divorced,4001,1,Yes,14,3,3,1,15,3,3,15,14,0,7,1.0,0.0,266.73333333333335,3.25,0.9333333333333333
53,No,Non-Travel,Research & Development,1,4,Medical,1,Female,2,4,Manufacturing Director,3,Married,12965,4,Yes,20,4,4,3,27,2,2,3,2,0,2,0.1111111111111111,0.0,480.18518518518516,2.5,0.6666666666666666
43,No,Travel_Rarely,Human Resources,2,3,Life Sciences,2,Male,3,1,Human Resources,4,Single,3539,0,No,13,3,2,0,10,5,3,9,7,1,8,0.9,0.1111111111111111,353.9,2.75,0.7777777777777778
34,No,Travel_Rarely,Sales,3,2,Life Sciences,4,Female,1,2,Sales Executive,4,Single,6029,5,No,12,3,1,0,6,3,3,2,2,2,2,0.3333333333333333,1.0,1004.8333333333334,3.0,1.0
21,Yes,Travel_Rarely,Sales,7,1,Marketing,2,Male,3,1,Sales Representative,2,Single,2679,1,No,13,3,2,0,1,3,3,1,0,1,0,1.0,1.0,2679.0,2.25,0.0
38,No,Travel_Rarely,Research & Development,6,2,Other,4,Female,2,1,Laboratory Technician,3,Married,3702,1,No,11,3,2,1,5,3,3,5,4,0,4,1.0,0.0,740.4,3.0,0.8
22,Yes,Travel_Rarely,Research & Development,8,1,Medical,3,Female,3,1,Laboratory Technician,1,Married,2398,1,Yes,17,3,3,0,1,6,3,1,0,0,0,1.0,0.0,2398.0,2.5,0.0
31,No,Travel_Rarely,Sales,29,4,Marketing,1,Female,2,2,Sales Executive,4,Married,5468,1,No,14,3,1,2,13,3,3,12,7,5,7,0.9230769230769231,0.4166666666666667,420.61538461538464,2.25,0.5833333333333334
51,No,Travel_Rarely,Research & Development,3,3,Technical Degree,1,Female,3,3,Manager,3,Married,13116,2,No,11,3,4,0,15,2,3,2,2,2,2,0.13333333333333333,1.0,874.4,2.75,1.0
37,No,Travel_Rarely,Sales,9,2,Marketing,2,Male,2,2,Sales Executive,2,Married,4189,1,No,14,3,1,2,5,2,3,5,2,0,3,1.0,0.0,837.8,2.0,0.4
46,No,Travel_Rarely,Research & Development,2,4,Medical,3,Male,3,5,Research Director,4,Divorced,19328,7,Yes,17,3,3,1,24,3,3,2,1,2,2,0.08333333333333333,1.0,805.3333333333334,3.25,0.5
36,No,Travel_Rarely,Research & Development,10,3,Life Sciences,4,Male,3,3,Healthcare Representative,1,Married,8321,7,Yes,13,3,4,1,15,1,3,12,8,5,7,0.8,0.4166666666666667,554.7333333333333,3.0,0.6666666666666666
44,Yes,Travel_Frequently,Research & Development,1,2,Medical,3,Male,3,1,Research Scientist,2,Divorced,2342,1,Yes,12,3,3,3,6,2,2,5,3,2,3,0.8333333333333334,0.4,390.3333333333333,2.5,0.6
37,No,Travel_Rarely,Human Resources,8,2,Other,3,Male,3,2,Human Resources,2,Divorced,4071,2,No,13,3,3,0,19,4,2,10,0,4,7,0.5263157894736842,0.4,214.26315789473685,2.5,0.0
35,Yes,Travel_Rarely,Sales,27,3,Life Sciences,3,Male,3,2,Sales Executive,4,Single,5813,1,Yes,18,3,4,0,10,2,3,10,7,7,7,1.0,0.7,581.3,3.5,0.7
33,No,Travel_Rarely,Research & Development,8,4,Life Sciences,4,Male,4,1,Research Scientist,1,Married,3143,6,No,19,3,2,1,14,1,3,10,8,7,6,0.7142857142857143,0.7,224.5,2.5,0.8
28,No,Travel_Rarely,Research & Development,1,3,Life Sciences,3,Male,3,1,Research Scientist,4,Married,2044,1,No,11,3,3,1,5,6,4,5,3,0,3,1.0,0.0,408.8,3.5,0.6
39,No,Travel_Rarely,Research & Development,10,1,Medical,3,Male,3,3,Research Director,3,Single,13464,7,No,21,4,3,0,9,3,3,4,3,2,2,0.4444444444444444,0.5,1496.0,3.0,0.75
46,No,Non-Travel,Sales,26,2,Life Sciences,2,Male,2,2,Sales Executive,2,Single,7991,8,No,15,3,3,0,6,3,3,2,2,2,2,0.3333333333333333,1.0,1331.8333333333333,2.5,1.0
40,No,Travel_Rarely,Research & Development,2,2,Life Sciences,3,Female,3,1,Laboratory Technician,1,Married,3377,4,No,17,3,4,1,7,5,2,4,3,0,2,0.5714285714285714,0.0,482.42857142857144,2.5,0.75
42,No,Travel_Rarely,Research & Development,13,3,Medical,2,Male,4,2,Healthcare Representative,1,Married,5538,5,No,18,3,3,2,10,2,2,0,0,0,0,0.0,0.0,553.8,2.0,0.0
35,No,Non-Travel,Research & Development,2,2,Medical,2,Male,3,2,Manufacturing Director,4,Divorced,5762,2,No,14,3,3,1,15,6,3,7,7,1,7,0.4666666666666667,0.14285714285714285,384.1333333333333,3.0,1.0
38,No,Non-Travel,Human Resources,2,3,Human Resources,1,Male,3,1,Human Resources,2,Divorced,2592,5,No,13,3,4,3,13,3,3,11,10,3,8,0.8461538461538461,0.2727272727272727,199.3846153846154,2.5,0.9090909090909091
34,Yes,Travel_Frequently,Research & Development,9,4,Life Sciences,4,Male,3,2,Laboratory Technician,1,Married,5346,4,No,17,3,3,1,11,3,2,7,1,0,7,0.6363636363636364,0.0,486.0,2.5,0.14285714285714285
37,Yes,Travel_Rarely,Research & Development,10,4,Medical,4,Male,3,2,Manufacturing Director,1,Single,4213,1,No,15,3,2,0,10,4,1,10,3,0,8,1.0,0.0,421.3,2.0,0.3
39,No,Travel_Frequently,Sales,20,3,Life Sciences,3,Male,3,2,Sales Executive,4,Divorced,4127,2,No,18,3,4,1,7,6,3,2,1,2,2,0.2857142857142857,1.0,589.5714285714286,3.5,0.5
43,No,Non-Travel,Research & Development,9,3,Life Sciences,1,Male,3,1,Research Scientist,3,Single,2438,4,No,13,3,3,0,7,2,2,3,2,1,2,0.42857142857142855,0.3333333333333333,348.2857142857143,2.25,0.6666666666666666
41,No,Travel_Rarely,Research & Development,5,3,Life Sciences,2,Male,4,2,Healthcare Representative,2,Single,6870,3,No,12,3,1,0,11,3,1,3,2,1,2,0.2727272727272727,0.3333333333333333,624.5454545454545,1.5,0.6666666666666666
41,No,Travel_Rarely,Sales,4,1,Marketing,3,Female,3,3,Sales Executive,3,Divorced,10447,0,Yes,13,3,4,1,23,3,4,22,14,13,5,0.9565217391304348,0.5909090909090909,454.2173913043478,3.5,0.6363636363636364
30,No,Travel_Rarely,Research & Development,10,3,Medical,1,Female,3,3,Manufacturing Director,3,Single,9667,9,No,14,3,2,0,9,3,3,7,7,0,2,0.7777777777777778,0.0,1074.111111111111,2.25,1.0
26,Yes,Travel_Rarely,Human Resources,20,2,Medical,4,Female,3,1,Human Resources,2,Married,2148,0,Yes,11,3,3,0,6,3,3,5,1,1,4,0.8333333333333334,0.2,358.0,3.0,0.2
46,Yes,Travel_Rarely,Research & Development,21,2,Medical,4,Female,3,2,Healthcare Representative,2,Married,8926,4,No,22,4,4,1,13,2,4,9,7,3,7,0.6923076923076923,0.3333333333333333,686.6153846153846,3.5,0.7777777777777778
40,No,Travel_Rarely,Research & Development,1,3,Life Sciences,3,Female,3,2,Healthcare Representative,4,Divorced,6513,4,No,17,3,4,1,12,3,3,5,3,0,3,0.4166666666666667,0.0,542.75,3.5,0.6
34,No,Travel_Rarely,Sales,8,2,Technical Degree,2,Male,4,2,Sales Executive,3,Married,6799,1,No,21,4,3,2,10,5,3,10,8,4,8,1.0,0.4,679.9,2.75,0.8
58,No,Non-Travel,Sales,2,3,Medical,2,Male,3,4,Manager,2,Divorced,16291,4,No,22,4,4,1,37,0,2,16,9,14,14,0.43243243243243246,0.875,440.2972972972973,2.5,0.5625
35,No,Travel_Rarely,Research & Development,23,4,Medical,2,Male,1,1,Laboratory Technician,3,Married,2705,0,No,16,3,2,1,6,2,4,5,4,0,3,0.8333333333333334,0.0,450.8333333333333,2.75,0.8
47,No,Travel_Rarely,Research & Development,4,3,Life Sciences,3,Female,2,3,Manufacturing Director,2,Divorced,10333,8,Yes,12,3,3,1,28,4,3,22,11,14,10,0.7857142857142857,0.6363636363636364,369.0357142857143,2.75,0.5
40,No,Travel_Rarely,Research & Development,12,3,Life Sciences,2,Female,3,2,Healthcare Representative,1,Divorced,4448,2,No,12,3,2,1,15,3,3,7,4,7,7,0.4666666666666667,1.0,296.53333333333336,2.0,0.5714285714285714
54,No,Travel_Rarely,Research & Development,7,4,Medical,4,Female,3,2,Research Scientist,4,Married,6854,4,No,15,3,2,1,14,2,2,7,1,1,7,0.5,0.14285714285714285,489.57142857142856,3.0,0.14285714285714285
31,No,Travel_Frequently,Sales,7,4,Marketing,1,Female,3,3,Sales Executive,1,Married,9637,2,No,14,3,4,2,9,3,3,3,2,2,2,0.3333333333333333,0.6666666666666666,1070.7777777777778,2.25,0.6666666666666666
28,No,Travel_Rarely,Research & Development,1,3,Medical,3,Female,3,1,Research Scientist,1,Married,3591,1,No,25,4,3,1,3,3,3,3,2,1,2,1.0,0.3333333333333333,1197.0,2.5,0.6666666666666666
38,No,Travel_Rarely,Sales,2,4,Marketing,2,Female,1,2,Sales Representative,4,Married,5405,2,Yes,20,4,1,2,20,4,2,4,2,0,3,0.2,0.0,270.25,2.25,0.5
26,No,Travel_Rarely,Sales,10,3,Medical,3,Male,3,2,Sales Executive,4,Single,4684,1,No,13,3,1,0,5,4,3,5,3,1,2,1.0,0.2,936.8,2.75,0.6
58,No,Travel_Frequently,Research & Development,15,4,Life Sciences,1,Male,3,4,Research Director,3,Married,15787,2,Yes,14,3,2,0,23,3,3,2,2,2,2,0.08695652173913043,1.0,686.3913043478261,2.25,1.0
18,No,Non-Travel,Research & Development,14,3,Medical,2,Female,3,1,Research Scientist,3,Single,1514,1,No,16,3,3,0,0,4,1,0,0,0,0,0.0,0.0,1514.0,2.25,0.0
31,Yes,Travel_Rarely,Human Resources,18,5,Human Resources,4,Male,4,1,Human Resources,1,Married,2956,0,No,17,3,3,0,2,4,3,1,0,0,0,0.5,0.0,1478.0,2.75,0.0
29,Yes,Travel_Rarely,Human Resources,13,3,Human Resources,1,Male,2,1,Human Resources,1,Divorced,2335,4,Yes,15,3,4,3,4,3,3,2,2,2,0,0.5,1.0,583.75,2.25,1.0
45,No,Non-Travel,Sales,2,4,Life Sciences,3,Female,3,2,Sales Executive,3,Married,5154,4,No,22,4,2,2,10,3,4,8,7,5,7,0.8,0.625,515.4,3.0,0.875
36,No,Travel_Rarely,Research & Development,2,4,Other,4,Female,3,2,Research Scientist,2,Married,6962,4,Yes,22,4,4,1,15,2,3,1,0,0,0,0.06666666666666667,0.0,464.1333333333333,3.25,0.0
43,No,Travel_Frequently,Sales,2,4,Life Sciences,1,Male,3,2,Sales Executive,4,Married,5675,1,No,20,4,3,1,7,5,3,7,7,7,7,1.0,1.0,810.7142857142857,2.75,1.0
27,No,Travel_Frequently,Research & Development,5,2,Life Sciences,4,Female,3,1,Laboratory Technician,4,Single,2379,0,Yes,14,3,3,0,6,3,2,5,4,0,2,0.8333333333333334,0.0,396.5,3.25,0.8
29,No,Travel_Frequently,Research & Development,20,1,Medical,4,Male,3,1,Laboratory Technician,4,Married,3812,1,No,13,3,2,0,11,3,4,11,8,3,10,1.0,0.2727272727272727,346.54545454545456,3.5,0.7272727272727273
32,No,Travel_Frequently,Sales,10,4,Marketing,4,Male,3,2,Sales Executive,4,Single,4648,8,No,13,3,3,0,4,2,4,0,0,0,0,0.0,0.0,1162.0,3.75,0.0
42,No,Non-Travel,Research & Development,10,4,Technical Degree,3,Male,3,1,Research Scientist,3,Married,2936,3,No,22,4,2,2,10,1,2,6,3,3,3,0.6,0.5,293.6,2.5,0.5
47,No,Travel_Rarely,Research & Development,9,4,Life Sciences,2,Female,3,1,Laboratory Technician,3,Single,2105,4,No,12,3,3,0,7,2,3,2,2,2,0,0.2857142857142857,1.0,300.7142857142857,2.75,1.0
46,No,Travel_Rarely,Research & Development,2,2,Life Sciences,4,Male,3,3,Manufacturing Director,4,Divorced,8578,3,No,14,3,3,1,12,4,2,9,8,4,7,0.75,0.4444444444444444,714.8333333333334,3.25,0.8888888888888888
28,No,Non-Travel,Human Resources,1,2,Life Sciences,3,Male,3,1,Human Resources,4,Divorced,2706,1,No,15,3,2,1,3,2,3,3,2,2,2,1.0,0.6666666666666666,902.0,3.0,0.6666666666666666
29,No,Travel_Rarely,Research & Development,29,1,Life Sciences,4,Male,1,2,Healthcare Representative,3,Divorced,6384,8,No,17,3,4,2,11,3,3,7,0,1,6,0.6363636363636364,0.14285714285714285,580.3636363636364,3.5,0.0
42,No,Travel_Rarely,Research & Development,8,3,Life Sciences,4,Male,3,1,Laboratory Technician,3,Single,3968,4,No,13,3,4,0,8,3,3,0,0,0,0,0.0,0.0,496.0,3.5,0.0
32,Yes,Travel_Rarely,Sales,2,4,Marketing,3,Male,2,2,Sales Executive,2,Single,9907,7,Yes,12,3,3,0,7,3,2,2,2,2,2,0.2857142857142857,1.0,1415.2857142857142,2.5,1.0
46,No,Travel_Rarely,Sales,3,3,Technical Degree,1,Female,4,4,Sales Executive,1,Divorced,13225,2,No,12,3,4,1,25,5,3,19,17,2,8,0.76,0.10526315789473684,529.0,2.25,0.8947368421052632
27,No,Travel_Rarely,Sales,23,1,Medical,2,Female,2,2,Sales Representative,3,Married,3540,1,No,21,4,4,1,9,5,3,9,8,5,8,1.0,0.5555555555555556,393.3333333333333,3.0,0.8888888888888888
29,No,Travel_Rarely,Human Resources,6,1,Medical,4,Male,2,1,Human Resources,2,Married,2804,1,No,11,3,4,0,1,3,3,1,0,0,0,1.0,0.0,2804.0,3.25,0.0
43,No,Travel_Rarely,Research & Development,6,3,Medical,1,Female,2,5,Manager,3,Married,19392,7,No,13,3,4,0,21,2,3,16,12,6,14,0.7619047619047619,0.375,923.4285714285714,2.75,0.75
48,No,Travel_Rarely,Research & Development,10,3,Life Sciences,4,Male,2,5,Research Director,2,Married,19665,4,No,12,3,4,0,29,3,3,22,10,12,9,0.7586206896551724,0.5454545454545454,678.1034482758621,3.25,0.45454545454545453
29,Yes,Travel_Frequently,Research & Development,24,2,Life Sciences,4,Male,2,1,Research Scientist,4,Single,2439,1,Yes,24,4,2,0,1,3,2,1,0,1,0,1.0,1.0,2439.0,3.0,0.0
46,Yes,Travel_Rarely,Sales,10,3,Life Sciences,3,Female,3,3,Sales Executive,2,Married,7314,5,No,21,4,3,3,14,2,3,8,7,0,7,0.5714285714285714,0.0,522.4285714285714,2.75,0.875
27,No,Travel_Frequently,Research & Development,15,3,Life Sciences,4,Female,2,1,Research Scientist,1,Married,4774,0,No,19,3,4,1,8,2,2,7,6,7,3,0.875,1.0,596.75,2.75,0.8571428571428571
39,No,Travel_Rarely,Research & Development,19,4,Other,4,Male,3,2,Research Scientist,4,Divorced,3902,8,No,14,3,2,3,7,2,3,2,2,2,2,0.2857142857142857,1.0,557.4285714285714,3.25,1.0
55,No,Travel_Rarely,Research & Development,2,4,Technical Degree,2,Male,2,1,Research Scientist,4,Married,2662,8,No,20,4,2,1,19,2,4,5,2,0,4,0.2631578947368421,0.0,140.10526315789474,3.0,0.4
28,No,Travel_Rarely,Sales,3,3,Medical,2,Female,3,1,Sales Representative,2,Married,2856,1,No,19,3,4,1,1,3,3,1,0,0,0,1.0,0.0,2856.0,2.75,0.0
30,Yes,Travel_Rarely,Sales,9,3,Medical,2,Male,3,1,Sales Representative,4,Single,1081,1,No,13,3,3,0,1,3,2,1,0,0,0,1.0,0.0,1081.0,2.75,0.0
22,Yes,Travel_Rarely,Research & Development,7,1,Life Sciences,4,Male,3,1,Research Scientist,2,Single,2472,1,Yes,23,4,1,0,1,2,3,1,0,0,0,1.0,0.0,2472.0,2.5,0.0
36,No,Travel_Rarely,Sales,10,4,Technical Degree,2,Female,2,2,Sales Executive,3,Married,5673,1,Yes,13,3,1,1,10,4,3,10,9,1,7,1.0,0.1,567.3,2.25,0.9
31,No,Travel_Rarely,Research & Development,20,3,Life Sciences,2,Male,3,2,Laboratory Technician,3,Divorced,4197,1,No,11,3,1,1,10,2,3,10,8,0,2,1.0,0.0,419.7,2.25,0.8
34,No,Travel_Rarely,Sales,4,3,Life Sciences,3,Male,3,3,Sales Executive,4,Married,9713,2,Yes,13,3,4,3,9,3,3,5,3,1,0,0.5555555555555556,0.2,1079.2222222222222,3.5,0.6
29,No,Travel_Rarely,Research & Development,7,3,Life Sciences,4,Male,3,1,Laboratory Technician,1,Single,2062,3,No,14,3,2,0,11,2,3,3,2,1,2,0.2727272727272727,0.3333333333333333,187.45454545454547,2.5,0.6666666666666666
37,No,Travel_Rarely,Research & Development,7,4,Medical,4,Male,3,2,Research Scientist,1,Married,4284,5,Yes,22,4,3,1,16,2,3,5,3,0,4,0.3125,0.0,267.75,2.75,0.6
35,No,Travel_Rarely,Research & Development,16,2,Other,4,Female,2,2,Manufacturing Director,2,Married,4788,0,Yes,11,3,4,0,4,2,3,3,2,0,2,0.75,0.0,1197.0,3.25,0.6666666666666666
45,No,Travel_Rarely,Research & Development,25,2,Life Sciences,2,Female,2,2,Manufacturing Director,4,Married,5906,0,No,13,3,4,2,10,2,2,9,8,3,8,0.9,0.3333333333333333,590.6,3.0,0.8888888888888888
36,No,Travel_Frequently,Human Resources,2,1,Human Resources,2,Male,2,2,Human Resources,4,Single,3886,1,No,21,4,4,0,10,2,2,10,1,0,8,1.0,0.0,388.6,3.0,0.1
40,No,Travel_Rarely,Research & Development,1,4,Life Sciences,1,Male,3,4,Manager,1,Divorced,16823,2,No,11,3,1,1,22,3,3,19,7,11,16,0.8636363636363636,0.5789473684210527,764.6818181818181,1.5,0.3684210526315789
26,No,Travel_Rarely,Research & Development,1,2,Life Sciences,2,Female,2,1,Research Scientist,3,Married,2933,1,Yes,13,3,3,1,1,3,2,1,0,1,0,1.0,1.0,2933.0,2.5,0.0
27,No,Travel_Rarely,Sales,2,2,Medical,1,Female,4,2,Sales Executive,3,Single,6500,0,No,14,3,2,0,9,5,2,8,7,0,7,0.8888888888888888,0.0,722.2222222222222,2.0,0.875
48,No,Travel_Frequently,Research & Development,22,3,Medical,4,Female,3,4,Manager,4,Divorced,17174,3,No,11,3,2,1,24,3,3,22,17,4,7,0.9166666666666666,0.18181818181818182,715.5833333333334,3.25,0.7727272727272727
44,No,Travel_Rarely,Research & Development,1,4,Life Sciences,2,Male,4,2,Healthcare Representative,1,Married,5033,2,No,15,3,4,1,10,5,3,2,0,2,2,0.2,1.0,503.3,2.5,0.0
34,Yes,Non-Travel,Research & Development,16,4,Technical Degree,4,Male,1,1,Research Scientist,1,Married,2307,1,Yes,23,4,2,1,5,2,3,5,2,3,0,1.0,0.6,461.4,2.5,0.4
56,Yes,Travel_Rarely,Research & Development,24,2,Life Sciences,1,Male,3,1,Laboratory Technician,4,Single,2587,1,No,16,3,4,0,5,3,3,4,2,1,0,0.8,0.25,517.4,3.0,0.5
36,No,Travel_Rarely,Sales,17,2,Marketing,3,Male,2,2,Sales Executive,2,Married,5507,2,No,16,3,3,2,12,1,1,4,2,1,3,0.3333333333333333,0.25,458.9166666666667,2.25,0.5
41,No,Travel_Rarely,Sales,8,3,Marketing,3,Female,3,2,Sales Executive,2,Married,4393,5,No,21,4,3,1,14,3,3,5,4,1,4,0.35714285714285715,0.2,313.7857142857143,2.75,0.8
42,No,Travel_Rarely,Research & Development,6,3,Medical,3,Male,3,3,Research Director,1,Married,13348,9,No,13,3,2,1,18,3,4,13,7,5,7,0.7222222222222222,0.38461538461538464,741.5555555555555,2.5,0.5384615384615384
31,No,Travel_Rarely,Sales,10,2,Medical,3,Female,3,2,Sales Executive,4,Divorced,6583,2,Yes,11,3,4,1,8,2,3,5,2,1,4,0.625,0.2,822.875,3.5,0.4
34,No,Travel_Rarely,Sales,3,1,Medical,4,Female,2,2,Sales Executive,4,Married,8103,3,Yes,12,3,3,0,9,3,2,4,2,0,1,0.4444444444444444,0.0,900.3333333333334,3.25,0.5
31,No,Travel_Rarely,Research & Development,4,3,Medical,1,Female,4,1,Laboratory Technician,3,Divorced,3978,8,No,12,3,2,1,4,0,2,2,2,2,2,0.5,1.0,994.5,2.0,1.0
26,No,Travel_Frequently,Research & Development,6,3,Other,3,Male,4,1,Laboratory Technician,4,Married,2544,0,No,18,3,1,1,8,3,3,7,7,7,7,0.875,1.0,318.0,2.75,1.0
45,No,Travel_Frequently,Research & Development,1,4,Medical,2,Male,3,2,Healthcare Representative,3,Single,5399,4,No,12,3,3,0,12,3,3,4,2,0,3,0.3333333333333333,0.0,449.9166666666667,2.75,0.5
33,No,Travel_Rarely,Sales,10,4,Marketing,2,Male,3,2,Sales Executive,3,Single,5487,1,No,14,3,2,0,10,2,2,10,4,0,9,1.0,0.0,548.7,2.25,0.4
28,No,Travel_Frequently,Sales,1,2,Life Sciences,3,Male,2,2,Sales Executive,4,Married,6834,1,Yes,12,3,3,1,7,2,3,7,7,0,7,1.0,0.0,976.2857142857143,3.25,1.0
29,Yes,Travel_Frequently,Sales,24,3,Technical Degree,3,Male,4,1,Sales Representative,1,Single,1091,1,No,17,3,4,0,1,3,3,1,0,0,0,1.0,0.0,1091.0,2.75,0.0
39,No,Non-Travel,Sales,21,4,Life Sciences,1,Female,1,2,Sales Executive,3,Married,5736,6,No,19,3,3,1,10,1,3,3,2,1,2,0.3,0.3333333333333333,573.6,2.5,0.6666666666666666
27,No,Travel_Rarely,Research & Development,2,4,Technical Degree,2,Male,3,1,Research Scientist,2,Married,2226,1,No,11,3,3,1,6,3,2,5,3,1,2,0.8333333333333334,0.2,371.0,2.25,0.6
34,No,Travel_Frequently,Research & Development,22,4,Other,3,Male,2,2,Research Scientist,4,Married,5747,1,Yes,15,3,2,0,16,3,3,15,10,6,11,0.9375,0.4,359.1875,3.0,0.6666666666666666
28,Yes,Travel_Rarely,Sales,13,2,Marketing,4,Female,3,2,Sales Executive,3,Single,9854,3,Yes,11,3,4,0,6,0,3,2,0,2,2,0.3333333333333333,1.0,1642.3333333333333,3.5,0.0
47,No,Non-Travel,Research & Development,14,4,Technical Degree,3,Male,3,2,Research Scientist,2,Married,5467,8,No,18,3,3,1,16,4,4,8,7,1,7,0.5,0.125,341.6875,3.0,0.875
56,No,Travel_Rarely,Sales,11,5,Marketing,4,Female,2,2,Sales Executive,1,Married,5380,4,No,16,3,3,1,6,3,3,0,0,0,0,0.0,0.0,896.6666666666666,2.75,0.0
39,No,Travel_Rarely,Research & Development,9,2,Medical,1,Male,3,2,Manufacturing Director,1,Married,5151,1,No,25,4,4,1,10,3,3,10,0,7,9,1.0,0.7,515.1,2.25,0.0
38,No,Travel_Frequently,Research & Development,8,3,Medical,4,Female,2,2,Research Scientist,2,Divorced,2133,1,Yes,16,3,3,1,20,3,3,20,11,0,7,1.0,0.0,106.65,3.0,0.55
58,No,Travel_Rarely,Sales,21,3,Life Sciences,4,Female,3,4,Manager,4,Married,17875,4,Yes,13,3,3,1,29,2,2,1,0,0,0,0.034482758620689655,0.0,616.3793103448276,3.25,0.0
32,Yes,Travel_Frequently,Research & Development,5,2,Life Sciences,1,Female,4,1,Research Scientist,3,Single,2432,3,Yes,14,3,1,0,8,2,3,4,1,0,3,0.5,0.0,304.0,2.0,0.25
38,No,Travel_Rarely,Research & Development,9,2,Life Sciences,2,Male,3,1,Research Scientist,4,Divorced,4771,2,No,19,3,4,2,10,0,4,5,2,0,3,0.5,0.0,477.1,3.5,0.4
49,No,Travel_Frequently,Research & Development,2,1,Life Sciences,2,Male,3,5,Research Director,4,Married,19161,3,No,15,3,4,0,28,3,3,5,4,4,3,0.17857142857142858,0.8,684.3214285714286,3.25,0.8
42,No,Travel_Rarely,Sales,12,4,Marketing,2,Male,3,2,Sales Executive,4,Divorced,5087,3,Yes,12,3,3,2,14,4,3,0,0,0,0,0.0,0.0,363.35714285714283,3.0,0.0
27,Yes,Travel_Frequently,Human Resources,22,3,Human Resources,1,Female,2,1,Human Resources,2,Married,2863,1,No,12,3,1,0,1,2,3,1,0,0,0,1.0,0.0,2863.0,1.75,0.0
35,No,Travel_Rarely,Sales,18,4,Medical,2,Male,3,2,Sales Executive,1,Married,5561,0,No,16,3,4,1,6,2,1,5,3,0,4,0.8333333333333334,0.0,926.8333333333334,2.0,0.6
28,No,Non-Travel,Research & Development,16,3,Medical,3,Male,3,1,Research Scientist,3,Single,2144,1,No,14,3,3,0,5,3,2,5,3,1,4,1.0,0.2,428.8,2.75,0.6
31,No,Non-Travel,Research & Development,3,2,Medical,3,Male,3,1,Research Scientist,1,Divorced,3065,1,Yes,13,3,4,1,4,3,4,4,2,2,3,1.0,0.5,766.25,3.0,0.5
36,No,Non-Travel,Research & Development,9,4,Life Sciences,1,Male,4,1,Laboratory Technician,2,Married,2810,1,No,22,4,2,0,5,3,3,5,4,0,2,1.0,0.0,562.0,2.0,0.8
34,No,Travel_Rarely,Sales,1,3,Marketing,1,Male,3,3,Sales Executive,4,Single,9888,1,No,21,4,1,0,14,3,2,14,8,2,1,1.0,0.14285714285714285,706.2857142857143,2.0,0.5714285714285714
34,No,Travel_Rarely,Sales,13,4,Medical,4,Male,3,3,Sales Executive,3,Divorced,8628,1,No,18,3,3,1,9,2,2,8,7,1,1,0.8888888888888888,0.125,958.6666666666666,3.0,0.875
26,No,Travel_Rarely,Research & Development,1,3,Medical,3,Male,3,1,Laboratory Technician,1,Single,2867,0,No,13,3,4,0,8,6,2,7,7,7,6,0.875,1.0,358.375,2.5,1.0
29,No,Travel_Rarely,Research & Development,1,3,Life Sciences,1,Male,3,2,Healthcare Representative,1,Married,5373,0,No,12,3,1,1,6,5,2,5,3,0,2,0.8333333333333334,0.0,895.5,1.25,0.6
32,No,Non-Travel,Research & Development,15,4,Medical,3,Female,3,2,Healthcare Representative,4,Divorced,6667,5,No,18,3,2,1,9,6,3,5,1,1,2,0.5555555555555556,0.2,740.7777777777778,3.0,0.2
31,No,Travel_Frequently,Research & Development,1,3,Life Sciences,4,Male,1,2,Research Scientist,1,Married,5003,1,No,21,4,2,0,10,6,3,10,8,8,7,1.0,0.8,500.3,2.5,0.8
28,Yes,Travel_Rarely,Research & Development,17,3,Technical Degree,3,Male,2,1,Laboratory Technician,4,Divorced,2367,5,No,12,3,1,1,6,2,2,4,1,0,3,0.6666666666666666,0.0,394.5,2.5,0.25
38,No,Travel_Rarely,Sales,1,3,Life Sciences,1,Male,2,1,Sales Representative,1,Single,2858,4,No,14,3,1,0,20,3,2,1,0,0,0,0.05,0.0,142.9,1.25,0.0
35,No,Travel_Rarely,Sales,7,4,Life Sciences,3,Female,3,2,Sales Executive,4,Married,5204,1,Yes,11,3,4,0,10,2,3,10,8,0,9,1.0,0.0,520.4,3.5,0.8
27,No,Travel_Rarely,Sales,9,3,Marketing,4,Male,3,2,Sales Executive,4,Single,4105,1,No,14,3,1,0,7,5,3,7,7,0,7,1.0,0.0,586.4285714285714,3.0,1.0
32,No,Travel_Rarely,Research & Development,5,4,Life Sciences,4,Male,2,2,Manufacturing Director,4,Single,9679,8,No,24,4,2,0,8,1,3,1,0,0,0,0.125,0.0,1209.875,3.25,0.0
31,Yes,Travel_Frequently,Sales,26,4,Marketing,1,Male,3,2,Sales Executive,4,Married,5617,1,Yes,11,3,3,0,10,4,3,10,7,0,8,1.0,0.0,561.7,2.75,0.7
53,Yes,Travel_Rarely,Sales,24,4,Life Sciences,1,Male,3,3,Sales Executive,1,Single,10448,6,Yes,13,3,2,0,15,2,2,2,2,2,2,0.13333333333333333,1.0,696.5333333333333,1.5,1.0
54,No,Travel_Rarely,Research & Development,9,2,Life Sciences,1,Female,3,2,Research Scientist,3,Married,2897,3,No,11,3,3,2,9,6,2,4,3,2,3,0.4444444444444444,0.5,321.8888888888889,2.25,0.75
33,No,Travel_Frequently,Research & Development,7,2,Life Sciences,4,Male,3,2,Healthcare Representative,3,Divorced,5968,1,No,20,4,3,3,9,2,3,9,7,2,8,1.0,0.2222222222222222,663.1111111111111,3.25,0.7777777777777778
43,No,Travel_Rarely,Research & Development,11,3,Life Sciences,1,Male,3,3,Healthcare Representative,3,Married,7510,1,No,17,3,2,1,10,1,3,10,9,0,9,1.0,0.0,751.0,2.25,0.9
38,No,Travel_Frequently,Human Resources,1,4,Other,4,Male,3,1,Human Resources,2,Married,2991,0,Yes,11,3,2,1,7,2,3,6,2,1,2,0.8571428571428571,0.16666666666666666,427.2857142857143,2.75,0.3333333333333333
55,No,Travel_Rarely,Human Resources,26,4,Human Resources,3,Male,4,5,Manager,2,Married,19636,4,Yes,18,3,1,1,35,0,3,10,9,1,4,0.2857142857142857,0.1,561.0285714285715,2.25,0.9
31,No,Travel_Rarely,Research & Development,2,1,Medical,4,Female,1,1,Laboratory Technician,4,Divorced,1129,1,Yes,11,3,3,3,1,4,3,1,0,0,0,1.0,0.0,1129.0,3.5,0.0
39,No,Travel_Rarely,Sales,15,4,Marketing,2,Male,3,4,Sales Executive,1,Single,13341,0,No,12,3,1,0,21,3,3,20,8,11,10,0.9523809523809523,0.55,635.2857142857143,1.75,0.4
42,No,Non-Travel,Research & Development,23,2,Life Sciences,4,Male,2,2,Research Scientist,3,Single,4332,1,No,12,3,4,0,20,2,3,20,9,3,7,1.0,0.15,216.6,3.5,0.45
31,No,Non-Travel,Research & Development,10,3,Medical,3,Female,3,3,Research Director,3,Married,11031,4,No,20,4,3,1,13,2,4,11,7,4,8,0.8461538461538461,0.36363636363636365,848.5384615384615,3.25,0.6363636363636364
54,No,Travel_Rarely,Research & Development,10,3,Medical,3,Female,3,2,Manufacturing Director,1,Single,4440,6,Yes,19,3,4,0,9,3,3,5,2,1,4,0.5555555555555556,0.2,493.3333333333333,2.75,0.4
24,No,Travel_Rarely,Research & Development,1,2,Life Sciences,2,Male,2,2,Healthcare Representative,3,Single,4617,1,No,12,3,2,0,4,2,2,4,3,1,2,1.0,0.25,1154.25,2.25,0.75
23,No,Travel_Rarely,Research & Development,12,2,Other,4,Male,3,1,Laboratory Technician,4,Single,2647,1,No,13,3,3,0,5,6,4,5,2,1,4,1.0,0.2,529.4,3.75,0.4
40,No,Travel_Frequently,Research & Development,11,3,Technical Degree,4,Female,3,2,Laboratory Technician,3,Married,6323,1,No,11,3,1,1,10,2,4,10,9,9,4,1.0,0.9,632.3,3.0,0.9
40,No,Travel_Rarely,Sales,2,2,Marketing,2,Female,3,2,Sales Executive,2,Married,5677,3,No,14,3,3,1,15,4,3,11,8,5,10,0.7333333333333333,0.45454545454545453,378.46666666666664,2.5,0.7272727272727273
25,No,Travel_Rarely,Human Resources,2,3,Human Resources,3,Female,3,1,Human Resources,2,Married,2187,4,No,14,3,3,0,6,3,3,2,0,1,2,0.3333333333333333,0.5,364.5,2.75,0.0
30,No,Travel_Rarely,Research & Development,1,2,Medical,4,Male,3,1,Laboratory Technician,2,Married,3748,1,No,13,3,3,0,12,6,2,12,8,1,7,1.0,0.08333333333333333,312.3333333333333,2.75,0.6666666666666666
25,No,Travel_Rarely,Research & Development,2,1,Other,4,Male,3,1,Laboratory Technician,3,Divorced,3977,6,Yes,19,3,3,1,7,2,2,2,2,0,2,0.2857142857142857,0.0,568.1428571428571,3.0,1.0
47,No,Travel_Rarely,Research & Development,25,3,Medical,1,Male,3,3,Healthcare Representative,3,Single,8633,2,No,23,4,2,0,25,3,3,17,14,12,11,0.68,0.7058823529411765,345.32,2.25,0.8235294117647058
33,No,Non-Travel,Research & Development,1,2,Medical,2,Male,2,1,Laboratory Technician,3,Divorced,2008,1,No,12,3,3,3,1,2,2,1,1,0,0,1.0,0.0,2008.0,2.5,1.0
38,No,Travel_Rarely,Sales,1,4,Life Sciences,4,Male,3,2,Sales Executive,2,Married,4440,0,No,15,3,1,2,16,3,3,15,13,5,8,0.9375,0.3333333333333333,277.5,2.5,0.8666666666666667
31,No,Travel_Rarely,Sales,2,2,Life Sciences,1,Male,3,1,Sales Representative,3,Married,3067,0,No,19,3,3,1,3,1,3,2,2,1,2,0.6666666666666666,0.5,1022.3333333333334,2.5,1.0
38,No,Travel_Frequently,Research & Development,6,4,Life Sciences,1,Male,2,2,Manufacturing Director,3,Married,5321,2,No,11,3,4,1,10,1,3,8,3,7,7,0.8,0.875,532.1,2.75,0.375
42,No,Travel_Rarely,Research & Development,18,4,Life Sciences,4,Male,3,2,Research Scientist,1,Divorced,5410,6,Yes,17,3,3,1,9,3,2,4,3,1,2,0.4444444444444444,0.25,601.1111111111111,2.5,0.75
41,No,Travel_Rarely,Research & Development,1,3,Life Sciences,4,Male,3,1,Research Scientist,4,Married,2782,3,No,22,4,1,1,12,3,3,5,3,1,0,0.4166666666666667,0.2,231.83333333333334,3.0,0.6
47,No,Non-Travel,Research & Development,1,1,Medical,3,Female,3,3,Research Director,2,Married,11957,0,No,18,3,1,2,14,3,1,13,8,5,12,0.9285714285714286,0.38461538461538464,854.0714285714286,1.75,0.6153846153846154
35,No,Travel_Rarely,Research & Development,11,4,Medical,4,Male,3,1,Laboratory Technician,3,Married,2660,7,Yes,11,3,3,1,5,3,3,2,2,2,2,0.4,1.0,532.0,3.25,1.0
22,No,Travel_Rarely,Research & Development,1,2,Life Sciences,4,Male,3,1,Research Scientist,3,Single,3375,0,No,12,3,4,0,4,2,4,3,2,1,2,0.75,0.3333333333333333,843.75,3.75,0.6666666666666666
35,No,Travel_Rarely,Research & Development,9,4,Medical,2,Male,3,2,Research Scientist,3,Single,5098,1,No,19,3,2,0,10,5,3,10,7,0,8,1.0,0.0,509.8,2.5,0.7
33,No,Travel_Rarely,Research & Development,15,2,Medical,2,Female,3,2,Healthcare Representative,4,Married,4878,0,Yes,13,3,1,1,10,6,3,9,7,8,1,0.9,0.8888888888888888,487.8,2.5,0.7777777777777778
32,No,Travel_Rarely,Research & Development,29,4,Life Sciences,3,Female,2,1,Laboratory Technician,2,Single,2837,1,No,13,3,3,0,6,3,3,6,2,4,1,1.0,0.6666666666666666,472.8333333333333,2.75,0.3333333333333333
40,No,Travel_Rarely,Research & Development,1,4,Life Sciences,1,Male,3,1,Laboratory Technician,4,Married,2406,8,No,19,3,3,2,8,3,2,1,0,0,0,0.125,0.0,300.75,2.5,0.0
32,No,Travel_Rarely,Sales,1,4,Medical,2,Male,2,1,Sales Representative,2,Married,2269,0,No,14,3,2,1,3,2,3,2,2,2,2,0.6666666666666666,1.0,756.3333333333334,2.25,1.0
39,No,Travel_Rarely,Research & Development,24,1,Life Sciences,1,Male,3,2,Research Scientist,4,Single,4108,7,No,13,3,1,0,18,2,3,7,7,1,7,0.3888888888888889,0.14285714285714285,228.22222222222223,2.25,1.0
38,No,Travel_Rarely,Research & Development,10,3,Medical,2,Female,1,3,Research Director,3,Married,13206,3,No,12,3,1,1,20,3,3,18,16,1,11,0.9,0.05555555555555555,660.3,2.25,0.8888888888888888
32,No,Travel_Rarely,Sales,1,4,Marketing,3,Female,3,3,Sales Executive,4,Married,10422,1,No,19,3,3,2,14,3,3,14,10,5,7,1.0,0.35714285714285715,744.4285714285714,3.25,0.7142857142857143
37,No,Travel_Rarely,Research & Development,10,3,Life Sciences,3,Female,4,3,Research Director,4,Married,13744,1,Yes,25,4,1,1,16,2,3,16,11,6,8,1.0,0.375,859.0,2.75,0.6875
25,No,Travel_Rarely,Sales,8,2,Other,1,Female,3,2,Sales Executive,3,Divorced,4907,0,Yes,22,4,2,1,6,3,2,5,3,0,4,0.8333333333333334,0.0,817.8333333333334,2.0,0.6
52,No,Non-Travel,Sales,29,4,Life Sciences,1,Male,3,1,Sales Representative,4,Divorced,3482,2,No,15,3,2,2,16,3,2,9,8,0,0,0.5625,0.0,217.625,2.25,0.8888888888888888
44,No,Travel_Rarely,Research & Development,1,3,Medical,2,Male,3,1,Research Scientist,4,Single,2436,6,Yes,12,3,3,0,6,2,3,4,3,1,2,0.6666666666666666,0.25,406.0,3.0,0.75
21,No,Travel_Rarely,Sales,5,1,Medical,3,Male,3,1,Sales Representative,1,Single,2380,1,Yes,11,3,4,0,2,6,3,2,2,1,2,1.0,0.5,1190.0,2.75,1.0
39,No,Non-Travel,Research & Development,9,3,Life Sciences,4,Male,3,5,Manager,4,Single,19431,2,No,13,3,3,0,21,3,2,6,0,1,3,0.2857142857142857,0.16666666666666666,925.2857142857143,3.25,0.0
23,Yes,Travel_Frequently,Sales,9,3,Marketing,4,Male,3,1,Sales Representative,1,Married,1790,1,No,19,3,1,1,1,3,2,1,0,1,0,1.0,1.0,1790.0,2.0,0.0
36,No,Travel_Rarely,Sales,3,3,Medical,1,Female,2,3,Sales Executive,4,Married,7644,0,No,19,3,3,2,10,2,3,9,7,3,4,0.9,0.3333333333333333,764.4,2.75,0.7777777777777778
36,No,Travel_Frequently,Research & Development,4,2,Life Sciences,4,Female,3,2,Manufacturing Director,2,Divorced,5131,7,No,13,3,2,3,18,3,3,4,2,0,2,0.2222222222222222,0.0,285.05555555555554,2.75,0.5
56,No,Non-Travel,Research & Development,1,4,Life Sciences,3,Male,3,2,Healthcare Representative,3,Divorced,6306,1,No,21,4,1,1,13,2,2,13,12,1,9,1.0,0.07692307692307693,485.0769230769231,2.25,0.9230769230769231
29,Yes,Travel_Rarely,Research & Development,1,4,Medical,1,Male,3,1,Research Scientist,4,Married,4787,9,Yes,14,3,2,3,4,3,4,2,2,2,2,0.5,1.0,1196.75,2.75,1.0
42,No,Travel_Rarely,Research & Development,2,3,Life Sciences,1,Male,3,5,Manager,3,Married,18880,5,No,11,3,1,0,24,2,2,22,6,4,14,0.9166666666666666,0.18181818181818182,786.6666666666666,1.75,0.2727272727272727
56,Yes,Travel_Rarely,Research & Development,7,2,Technical Degree,4,Male,3,1,Laboratory Technician,3,Married,2339,8,No,11,3,4,1,14,4,1,10,9,9,8,0.7142857142857143,0.9,167.07142857142858,3.0,0.9
41,No,Travel_Rarely,Research & Development,28,4,Life Sciences,1,Female,2,4,Manufacturing Director,2,Married,13570,0,No,23,4,3,1,21,3,3,20,7,0,10,0.9523809523809523,0.0,646.1904761904761,2.25,0.35
34,No,Travel_Rarely,Sales,28,3,Marketing,4,Female,2,2,Sales Executive,3,Married,6712,1,No,21,4,4,2,8,2,3,8,7,1,7,1.0,0.125,839.0,3.5,0.875
36,No,Non-Travel,Sales,15,4,Marketing,4,Male,1,2,Sales Executive,4,Divorced,5406,1,No,24,4,1,1,15,4,2,15,12,11,11,1.0,0.7333333333333333,360.4,2.75,0.8
41,No,Travel_Rarely,Sales,3,3,Life Sciences,3,Male,2,2,Sales Executive,2,Divorced,8938,2,No,11,3,3,1,14,5,3,5,4,0,4,0.35714285714285715,0.0,638.4285714285714,2.75,0.8
32,No,Travel_Rarely,Research & Development,2,3,Technical Degree,4,Male,3,1,Research Scientist,1,Single,2439,1,No,14,3,4,0,4,4,3,4,2,1,2,1.0,0.25,609.75,3.0,0.5
35,No,Travel_Rarely,Human Resources,26,4,Life Sciences,3,Female,3,3,Human Resources,4,Single,8837,1,Yes,16,3,3,0,9,2,3,9,0,1,7,1.0,0.1111111111111111,981.8888888888889,3.25,0.0
38,No,Travel_Rarely,Sales,10,2,Life Sciences,1,Female,3,2,Sales Executive,4,Married,5343,1,No,11,3,3,1,10,1,3,10,7,1,9,1.0,0.1,534.3,2.75,0.7
50,Yes,Travel_Frequently,Sales,1,4,Life Sciences,2,Male,3,2,Sales Executive,3,Divorced,6728,7,No,12,3,4,2,12,3,3,6,3,0,1,0.5,0.0,560.6666666666666,3.0,0.5
36,No,Travel_Rarely,Sales,11,4,Marketing,2,Female,2,2,Sales Executive,4,Married,6652,4,No,13,3,1,1,8,2,2,6,3,0,0,0.75,0.0,831.5,2.25,0.5
45,No,Travel_Rarely,Sales,20,3,Life Sciences,4,Female,3,2,Sales Executive,3,Single,4850,8,No,15,3,3,0,8,3,3,5,3,0,1,0.625,0.0,606.25,3.25,0.6
40,No,Travel_Rarely,Research & Development,2,4,Life Sciences,3,Male,2,1,Research Scientist,3,Single,2809,2,No,14,3,4,0,8,2,3,2,2,2,2,0.25,1.0,351.125,3.25,1.0
35,No,Travel_Frequently,Research & Development,18,4,Life Sciences,3,Male,3,2,Healthcare Representative,3,Married,5689,1,Yes,14,3,4,2,10,2,4,10,2,0,2,1.0,0.0,568.9,3.5,0.2
40,No,Travel_Rarely,Research & Development,2,4,Medical,3,Female,3,1,Research Scientist,3,Married,2001,2,No,14,3,2,3,20,2,3,5,3,0,2,0.25,0.0,100.05,2.75,0.6
35,No,Travel_Rarely,Research & Development,1,4,Life Sciences,3,Female,1,1,Research Scientist,4,Married,2977,1,No,12,3,4,1,4,5,3,4,3,1,1,1.0,0.25,744.25,3.5,0.75
29,No,Travel_Rarely,Research & Development,13,2,Other,4,Male,2,2,Laboratory Technician,2,Married,4025,4,Yes,13,3,1,1,10,2,3,4,3,0,3,0.4,0.0,402.5,2.5,0.75
29,No,Travel_Rarely,Research & Development,28,4,Medical,4,Female,2,1,Research Scientist,1,Single,3785,1,No,14,3,2,0,5,3,1,5,4,0,4,1.0,0.0,757.0,2.0,0.8
50,Yes,Travel_Rarely,Sales,28,3,Marketing,4,Male,2,3,Sales Executive,1,Divorced,10854,4,Yes,13,3,2,1,20,3,3,3,2,2,0,0.15,0.6666666666666666,542.7,2.5,0.6666666666666666
39,No,Travel_Rarely,Sales,24,1,Marketing,2,Female,2,4,Sales Executive,4,Married,12031,0,No,11,3,1,1,21,2,2,20,9,9,6,0.9523809523809523,0.45,572.9047619047619,2.25,0.45
31,No,Non-Travel,Research & Development,5,3,Medical,2,Male,3,2,Manufacturing Director,1,Single,9936,0,No,19,3,2,0,10,2,3,9,4,1,7,0.9,0.1111111111111111,993.6,2.0,0.4444444444444444
26,No,Travel_Rarely,Sales,5,3,Other,4,Female,2,1,Sales Representative,3,Single,2966,0,No,18,3,4,0,5,2,3,4,2,0,0,0.8,0.0,593.2,3.5,0.5
36,No,Travel_Frequently,Research & Development,23,2,Medical,3,Male,4,2,Laboratory Technician,4,Married,2571,4,No,17,3,3,1,17,3,3,5,2,0,3,0.29411764705882354,0.0,151.23529411764707,3.25,0.4
39,No,Travel_Rarely,Research & Development,6,1,Medical,4,Male,2,3,Healthcare Representative,1,Married,9991,4,No,15,3,1,1,9,5,3,7,7,1,7,0.7777777777777778,0.14285714285714285,1110.111111111111,2.25,1.0
27,No,Travel_Rarely,Research & Development,4,3,Life Sciences,2,Male,4,2,Manufacturing Director,2,Married,6142,1,Yes,20,4,2,1,6,0,3,6,2,0,3,1.0,0.0,1023.6666666666666,2.25,0.3333333333333333
49,No,Travel_Frequently,Sales,2,3,Medical,4,Male,2,2,Sales Executive,2,Married,5390,2,No,14,3,4,0,17,3,2,9,6,0,8,0.5294117647058824,0.0,317.05882352941177,3.0,0.6666666666666666
34,No,Travel_Rarely,Research & Development,8,3,Medical,2,Male,4,2,Laboratory Technician,3,Married,4404,2,No,12,3,1,0,6,3,4,4,3,1,2,0.6666666666666666,0.25,734.0,2.5,0.75
